# 46734 Magong 2025-07-25 12Z (Start time 7/25/2025 11:34:55 AM), 1-s data
# Height(gpm),P(hPa),T(C),U(%),WS(m/s),WD(deg)
34,993.7,27.4,86.8,2.5,50.0
45,992.5,28.6,83.2,2.4,41.7
52,991.8,28.5,83.4,2.5,39.2
59,991.0,28.3,83.8,2.5,38.8
63,990.6,28.2,84.1,2.6,39.3
67,990.1,28.1,84.4,2.7,40.2
74,989.4,28.0,84.5,2.9,41.2
80,988.7,28.0,84.4,3.0,42.0
85,988.1,28.0,84.0,3.2,42.6
91,987.5,28.0,83.3,3.4,43.3
97,986.8,28.1,82.6,3.5,43.8
102,986.2,28.1,82.2,3.7,44.3
108,985.6,28.1,81.9,3.9,44.8
113,985.0,28.1,81.7,4.1,45.2
118,984.4,28.1,81.4,4.2,45.5
124,983.8,28.1,81.0,4.4,45.7
129,983.2,28.2,80.7,4.6,45.9
135,982.6,28.2,80.5,4.7,46.1
141,982.0,28.2,80.4,4.9,46.1
146,981.4,28.1,80.3,5.1,46.2
152,980.8,28.1,80.0,5.2,46.1
157,980.2,28.1,79.8,5.4,46.0
163,979.6,28.1,80.2,5.6,45.9
168,979.0,28.0,80.6,5.7,45.7
173,978.4,27.9,80.5,5.9,45.5
178,977.8,27.9,80.2,6.1,45.2
184,977.3,27.9,80.0,6.2,44.9
189,976.7,27.9,80.0,6.4,44.6
195,976.1,27.8,80.1,6.6,44.3
200,975.4,27.8,80.3,6.8,44.0
206,974.8,27.8,80.3,7.0,43.7
212,974.2,27.7,80.3,7.2,43.4
218,973.5,27.7,80.2,7.4,43.2
223,972.9,27.6,80.1,7.6,42.9
229,972.3,27.6,80.0,7.8,42.7
234,971.7,27.6,79.9,8.1,42.5
240,971.1,27.6,79.2,8.3,42.4
245,970.5,27.5,78.4,8.6,42.3
250,970.0,27.6,77.3,8.8,42.2
256,969.4,27.7,75.5,9.1,42.2
261,968.8,27.8,73.7,9.3,42.2
267,968.2,27.9,72.7,9.5,42.2
272,967.6,27.9,72.3,9.8,42.3
278,967.0,27.9,71.8,10.0,42.3
284,966.4,27.9,71.4,10.2,42.4
289,965.7,27.9,71.6,10.5,42.5
295,965.1,27.9,71.8,10.7,42.6
300,964.5,27.8,71.9,10.9,42.7
306,964.0,27.7,71.7,11.1,42.8
311,963.4,27.8,71.4,11.2,42.9
316,962.8,27.8,71.2,11.4,43.0
321,962.3,27.7,71.1,11.6,43.0
326,961.7,27.7,71.4,11.7,43.0
331,961.2,27.6,71.6,11.8,43.0
337,960.6,27.6,71.6,11.9,43.0
342,960.1,27.6,71.4,12.0,42.9
347,959.5,27.5,71.4,12.1,42.8
352,959.0,27.5,71.4,12.2,42.6
357,958.4,27.5,71.7,12.3,42.4
362,957.8,27.4,72.0,12.4,42.1
368,957.3,27.3,72.4,12.5,41.8
373,956.7,27.3,72.7,12.5,41.5
379,956.1,27.2,72.8,12.6,41.1
384,955.5,27.2,72.9,12.7,40.7
390,954.9,27.1,73.0,12.8,40.3
396,954.2,27.1,72.7,12.8,39.8
402,953.6,27.1,72.0,12.9,39.2
408,953.0,27.2,71.2,13.0,38.7
414,952.3,27.2,70.7,13.1,38.1
420,951.7,27.2,70.4,13.2,37.5
426,951.0,27.2,69.8,13.3,37.0
432,950.4,27.2,68.9,13.4,36.4
437,949.8,27.3,68.3,13.5,35.8
443,949.2,27.3,68.1,13.6,35.2
448,948.6,27.3,68.1,13.7,34.6
453,948.1,27.3,68.2,13.8,34.0
458,947.6,27.3,68.2,13.9,33.4
463,947.1,27.2,68.3,14.0,32.9
467,946.6,27.2,68.5,14.0,32.3
472,946.1,27.2,68.7,14.1,31.8
477,945.6,27.2,68.9,14.2,31.2
482,945.0,27.1,69.1,14.2,30.7
487,944.5,27.1,69.3,14.3,30.2
492,944.0,27.1,69.4,14.3,29.7
497,943.4,27.0,69.4,14.3,29.2
502,942.9,27.0,69.3,14.3,28.7
507,942.4,27.0,69.2,14.3,28.2
511,941.9,26.9,68.9,14.3,27.7
516,941.4,26.9,68.6,14.3,27.3
520,941.0,26.9,68.4,14.3,26.8
524,940.5,27.0,68.4,14.2,26.4
529,940.1,27.0,68.5,14.2,26.0
533,939.6,26.9,68.6,14.2,25.6
538,939.0,26.9,68.8,14.1,25.2
544,938.5,26.9,68.8,14.1,24.8
549,937.9,26.9,68.6,14.0,24.4
555,937.3,26.9,68.5,14.0,24.0
561,936.6,26.9,68.3,14.0,23.7
567,936.0,26.8,68.2,13.9,23.3
573,935.4,26.8,68.2,13.9,23.0
578,934.9,26.8,68.1,13.9,22.7
583,934.4,26.8,68.1,13.9,22.5
587,933.9,26.7,68.0,13.9,22.2
592,933.4,26.7,68.0,13.9,21.9
596,932.9,26.7,68.1,13.9,21.7
601,932.5,26.7,68.2,13.9,21.4
606,932.0,26.6,68.4,13.9,21.2
611,931.4,26.6,68.7,13.9,21.0
616,930.9,26.6,69.0,13.9,20.7
621,930.3,26.5,69.3,13.9,20.5
627,929.7,26.5,69.3,14.0,20.2
632,929.2,26.5,69.3,14.0,20.0
638,928.6,26.5,69.1,14.0,19.7
643,928.0,26.4,68.9,14.0,19.4
648,927.5,26.4,68.8,14.1,19.1
653,927.0,26.4,68.7,14.1,18.7
658,926.5,26.4,68.8,14.1,18.4
662,926.0,26.3,69.1,14.1,18.0
667,925.5,26.3,69.2,14.1,17.7
672,925.0,26.3,69.2,14.1,17.4
677,924.5,26.3,69.3,14.1,17.1
682,924.0,26.2,69.4,14.1,16.7
687,923.4,26.2,69.5,14.1,16.3
692,922.9,26.2,69.6,14.1,15.8
697,922.4,26.1,69.8,14.1,15.3
702,921.9,26.1,70.0,14.1,14.7
707,921.4,26.0,70.1,14.0,14.2
711,920.9,26.0,70.2,14.0,13.6
716,920.4,25.9,70.4,14.0,13.1
721,919.9,25.9,70.4,13.9,12.5
726,919.4,25.9,70.3,13.9,11.9
730,918.9,25.9,70.3,13.8,11.3
735,918.4,25.9,70.2,13.8,10.8
739,918.0,25.9,70.0,13.7,10.2
744,917.5,25.9,69.7,13.7,9.7
748,917.0,25.9,69.6,13.6,9.1
753,916.6,25.9,69.5,13.6,8.6
757,916.1,25.8,69.4,13.5,8.1
761,915.7,25.8,69.5,13.5,7.7
766,915.2,25.8,69.6,13.5,7.3
770,914.8,25.8,69.8,13.4,6.9
775,914.3,25.8,70.0,13.4,6.6
780,913.8,25.8,70.2,13.4,6.3
785,913.2,25.7,70.2,13.4,6.0
790,912.7,25.7,70.1,13.4,5.8
796,912.1,25.7,70.0,13.4,5.6
801,911.6,25.7,70.1,13.4,5.5
807,911.0,25.6,70.2,13.4,5.4
812,910.4,25.6,70.3,13.4,5.3
818,909.9,25.5,70.4,13.5,5.2
823,909.3,25.5,70.6,13.5,5.2
828,908.8,25.5,70.5,13.6,5.1
833,908.3,25.4,70.2,13.7,5.1
838,907.8,25.4,70.1,13.7,5.1
843,907.3,25.4,70.3,13.8,5.1
847,906.8,25.4,70.5,13.9,5.1
852,906.3,25.4,70.7,14.0,5.1
856,905.9,25.3,71.0,14.1,5.0
861,905.4,25.3,71.3,14.2,5.0
866,904.9,25.2,71.6,14.3,5.0
871,904.4,25.2,71.6,14.4,4.9
876,903.9,25.1,71.6,14.5,4.8
880,903.4,25.1,71.5,14.5,4.7
885,902.9,25.1,71.4,14.6,4.6
890,902.5,25.1,71.5,14.7,4.5
894,902.0,25.0,71.5,14.7,4.4
898,901.6,25.0,71.6,14.8,4.3
903,901.2,25.0,71.7,14.8,4.2
907,900.7,25.0,71.9,14.8,4.1
912,900.2,24.9,72.2,14.8,4.0
917,899.7,24.9,72.3,14.8,3.9
921,899.2,24.9,72.4,14.8,3.8
926,898.7,24.8,72.5,14.8,3.7
931,898.2,24.8,72.5,14.8,3.6
936,897.8,24.7,72.5,14.7,3.5
940,897.3,24.7,72.5,14.7,3.5
945,896.8,24.7,72.7,14.7,3.5
950,896.3,24.6,72.9,14.6,3.5
955,895.8,24.6,73.0,14.6,3.5
960,895.3,24.6,73.2,14.6,3.5
965,894.8,24.5,73.5,14.6,3.5
970,894.3,24.5,73.6,14.6,3.6
975,893.8,24.4,73.7,14.6,3.6
980,893.2,24.4,73.7,14.6,3.7
985,892.7,24.3,73.8,14.6,3.8
990,892.3,24.3,73.8,14.7,3.8
994,891.8,24.3,73.8,14.7,3.9
998,891.4,24.2,73.8,14.8,4.0
1003,891.0,24.2,74.0,14.9,4.1
1007,890.5,24.2,74.4,14.9,4.2
1012,890.1,24.2,74.8,15.0,4.2
1016,889.6,24.1,75.0,15.1,4.3
1021,889.1,24.1,75.1,15.2,4.3
1026,888.6,24.0,75.2,15.4,4.3
1030,888.2,24.0,75.2,15.5,4.3
1035,887.7,24.0,75.1,15.6,4.3
1039,887.3,23.9,75.0,15.7,4.3
1044,886.8,23.9,75.1,15.8,4.3
1048,886.3,23.9,75.3,15.9,4.3
1053,885.9,23.8,75.6,16.0,4.3
1058,885.4,23.8,75.9,16.1,4.2
1063,884.9,23.8,76.0,16.2,4.1
1068,884.4,23.7,76.1,16.3,4.1
1073,883.9,23.7,76.1,16.4,4.1
1078,883.3,23.6,76.1,16.4,4.0
1083,882.8,23.6,76.3,16.5,4.0
1089,882.2,23.5,76.5,16.5,4.0
1095,881.7,23.5,76.6,16.5,4.0
1100,881.1,23.5,76.7,16.5,4.0
1106,880.5,23.4,76.7,16.6,4.0
1112,879.9,23.4,76.8,16.6,4.0
1118,879.3,23.4,76.8,16.6,4.0
1124,878.7,23.3,76.8,16.6,4.1
1131,878.1,23.3,76.8,16.5,4.2
1137,877.5,23.3,76.8,16.5,4.3
1143,876.9,23.3,76.6,16.5,4.4
1149,876.3,23.2,76.3,16.5,4.6
1154,875.7,23.3,75.8,16.4,4.8
1160,875.1,23.5,75.4,16.4,5.0
1166,874.6,23.5,75.4,16.4,5.3
1171,874.0,23.4,75.7,16.4,5.6
1177,873.5,23.3,76.0,16.3,5.9
1182,872.9,23.3,76.3,16.3,6.2
1188,872.4,23.3,76.5,16.3,6.5
1193,871.8,23.2,76.5,16.3,6.8
1199,871.2,23.2,76.6,16.3,7.2
1205,870.7,23.1,76.9,16.3,7.5
1211,870.1,23.1,77.2,16.3,7.9
1216,869.5,23.0,77.6,16.4,8.2
1222,869.0,22.9,77.8,16.4,8.5
1227,868.5,22.9,78.0,16.4,8.9
1231,868.0,22.8,78.0,16.5,9.2
1236,867.6,22.8,77.9,16.6,9.5
1240,867.2,22.8,78.1,16.6,9.8
1244,866.8,22.7,78.4,16.7,10.0
1248,866.3,22.7,78.7,16.8,10.3
1253,865.9,22.7,78.9,16.8,10.5
1258,865.4,22.6,79.2,16.9,10.7
1263,864.9,22.6,79.4,17.0,10.8
1268,864.4,22.5,79.7,17.1,11.0
1273,863.9,22.4,80.0,17.2,11.1
1279,863.3,22.4,80.2,17.3,11.2
1284,862.8,22.3,80.3,17.4,11.3
1289,862.3,22.3,80.3,17.4,11.4
1294,861.8,22.2,80.2,17.5,11.5
1299,861.4,22.2,80.1,17.6,11.5
1303,860.9,22.1,80.3,17.7,11.6
1308,860.4,22.1,80.6,17.7,11.6
1313,860.0,22.1,81.0,17.8,11.6
1318,859.5,22.1,81.2,17.8,11.7
1323,858.9,22.0,81.4,17.9,11.7
1329,858.4,22.0,81.7,17.9,11.7
1334,857.9,21.9,81.9,17.9,11.7
1339,857.4,21.9,82.0,17.9,11.8
1344,856.9,21.9,81.9,17.9,11.8
1349,856.4,21.8,81.7,17.9,11.8
1354,855.9,21.8,81.7,17.9,11.8
1358,855.5,21.7,82.1,17.9,11.8
1363,855.0,21.7,82.6,17.8,11.9
1368,854.5,21.6,83.0,17.8,11.9
1373,854.0,21.6,83.3,17.7,11.9
1378,853.5,21.6,83.5,17.7,11.9
1384,853.0,21.5,83.7,17.6,11.9
1389,852.5,21.5,84.0,17.5,12.0
1395,851.9,21.4,84.3,17.4,12.0
1400,851.4,21.4,84.4,17.3,12.0
1406,850.8,21.3,84.4,17.2,12.0
1411,850.3,21.2,84.4,17.1,12.0
1417,849.8,21.2,84.6,17.0,12.0
1422,849.2,21.2,84.9,17.0,12.0
1428,848.7,21.1,85.2,16.8,12.1
1433,848.2,21.1,85.4,16.7,12.1
1439,847.6,21.0,85.6,16.6,12.1
1445,847.0,21.0,85.9,16.5,12.1
1450,846.5,21.0,86.1,16.4,12.2
1456,845.9,21.0,86.2,16.3,12.2
1463,845.3,20.9,86.3,16.3,12.3
1469,844.7,20.9,86.4,16.2,12.4
1475,844.1,20.8,86.6,16.1,12.5
1481,843.5,20.8,86.9,16.0,12.6
1487,842.9,20.7,87.2,15.9,12.7
1494,842.3,20.7,87.5,15.8,12.9
1500,841.7,20.6,87.7,15.7,13.0
1506,841.1,20.6,87.8,15.6,13.2
1512,840.5,20.5,88.0,15.5,13.4
1517,840.0,20.5,88.2,15.4,13.7
1523,839.4,20.4,88.4,15.4,13.9
1529,838.9,20.4,88.7,15.3,14.2
1535,838.3,20.3,89.0,15.2,14.4
1541,837.7,20.3,89.3,15.1,14.7
1546,837.2,20.2,89.7,15.0,15.0
1552,836.6,20.2,90.0,14.9,15.3
1558,836.0,20.1,90.2,14.9,15.6
1564,835.4,20.1,90.4,14.8,15.9
1570,834.9,20.1,90.8,14.7,16.1
1577,834.3,20.0,90.9,14.6,16.4
1583,833.7,19.9,91.0,14.5,16.7
1589,833.1,19.9,91.3,14.4,17.0
1595,832.5,19.8,91.6,14.3,17.2
1601,831.9,19.8,91.7,14.2,17.5
1606,831.4,19.8,91.9,14.1,17.7
1612,830.9,19.7,92.1,14.0,17.9
1617,830.4,19.7,92.3,13.9,18.1
1622,829.9,19.6,92.5,13.7,18.2
1627,829.4,19.6,92.7,13.6,18.4
1633,828.9,19.5,92.9,13.5,18.6
1638,828.4,19.5,93.1,13.4,18.7
1644,827.8,19.5,93.2,13.2,18.9
1649,827.3,19.5,93.3,13.1,19.0
1656,826.7,19.4,93.5,13.0,19.1
1662,826.1,19.3,93.9,12.9,19.2
1668,825.5,19.2,94.4,12.7,19.3
1674,824.9,19.2,94.7,12.6,19.4
1680,824.3,19.1,95.1,12.5,19.6
1686,823.8,19.1,95.2,12.4,19.7
1692,823.2,19.0,95.3,12.3,19.8
1698,822.6,19.0,95.7,12.1,19.9
1704,822.1,18.9,95.9,12.1,20.1
1710,821.5,18.8,95.9,12.0,20.3
1716,821.0,18.8,95.7,11.9,20.5
1721,820.4,18.8,95.3,11.8,20.7
1727,819.9,18.8,95.3,11.7,20.9
1733,819.3,18.8,95.5,11.7,21.1
1738,818.8,18.8,95.9,11.6,21.4
1744,818.3,18.7,96.2,11.6,21.6
1750,817.7,18.6,96.3,11.5,21.9
1755,817.2,18.6,96.3,11.5,22.2
1760,816.7,18.5,96.4,11.5,22.5
1766,816.2,18.5,96.5,11.4,22.8
1771,815.7,18.5,96.6,11.4,23.1
1776,815.3,18.4,96.8,11.4,23.4
1781,814.8,18.4,97.1,11.3,23.8
1785,814.3,18.3,97.3,11.3,24.1
1790,813.9,18.3,97.5,11.3,24.4
1795,813.4,18.3,97.6,11.2,24.7
1800,812.9,18.3,97.6,11.2,25.0
1805,812.5,18.2,97.7,11.1,25.4
1810,812.0,18.2,97.7,11.1,25.7
1815,811.6,18.1,97.9,11.0,25.9
1819,811.1,18.1,98.4,10.9,26.2
1824,810.7,18.0,98.9,10.9,26.5
1829,810.2,18.0,99.1,10.8,26.7
1834,809.8,18.0,99.3,10.7,26.9
1839,809.3,17.9,99.5,10.6,27.1
1844,808.8,17.9,99.5,10.5,27.3
1849,808.3,17.8,99.3,10.4,27.4
1854,807.8,17.8,98.6,10.3,27.5
1859,807.4,17.8,97.4,10.2,27.6
1864,807.0,17.9,96.0,10.0,27.7
1868,806.5,18.0,94.9,9.9,27.7
1873,806.1,18.1,94.5,9.8,27.7
1878,805.6,18.0,94.5,9.7,27.6
1883,805.1,18.1,94.2,9.6,27.6
1888,804.7,18.1,93.8,9.5,27.5
1894,804.2,18.1,93.7,9.4,27.3
1899,803.7,18.1,93.5,9.3,27.1
1904,803.2,18.0,93.1,9.2,26.9
1909,802.7,18.0,93.1,9.1,26.7
1914,802.2,18.0,93.1,9.0,26.4
1919,801.8,18.0,92.9,9.0,26.1
1923,801.4,17.9,92.7,8.9,25.7
1928,801.0,17.9,92.6,8.8,25.3
1932,800.6,17.9,92.5,8.7,24.9
1936,800.2,17.9,92.6,8.7,24.5
1940,799.9,17.8,92.6,8.6,24.0
1944,799.5,17.8,92.6,8.6,23.5
1948,799.1,17.8,92.4,8.5,23.0
1952,798.7,17.7,92.3,8.5,22.5
1957,798.2,17.7,91.9,8.4,21.9
1962,797.8,17.7,91.4,8.4,21.3
1967,797.3,17.7,90.7,8.3,20.7
1972,796.9,17.6,90.2,8.3,20.1
1976,796.5,17.6,90.1,8.3,19.5
1981,796.1,17.6,90.1,8.2,18.9
1985,795.7,17.6,90.2,8.2,18.3
1989,795.3,17.6,90.5,8.2,17.7
1993,794.9,17.6,90.6,8.2,17.1
1998,794.5,17.6,90.4,8.2,16.5
2002,794.0,17.6,90.1,8.2,15.9
2007,793.6,17.5,90.2,8.2,15.3
2012,793.2,17.5,90.4,8.2,14.8
2016,792.8,17.5,90.6,8.2,14.3
2021,792.3,17.4,90.9,8.2,13.9
2026,791.9,17.4,91.3,8.3,13.5
2030,791.5,17.4,91.5,8.3,13.2
2034,791.1,17.4,91.4,8.4,12.9
2038,790.7,17.3,90.9,8.4,12.7
2042,790.4,17.3,90.4,8.5,12.6
2046,790.0,17.3,89.9,8.6,12.5
2050,789.7,17.3,89.6,8.7,12.5
2053,789.3,17.3,89.4,8.8,12.6
2057,789.0,17.3,89.6,8.9,12.7
2061,788.7,17.3,90.0,9.0,12.8
2064,788.3,17.2,90.4,9.1,13.0
2068,788.0,17.2,90.7,9.2,13.3
2072,787.6,17.2,90.7,9.3,13.5
2077,787.2,17.2,90.1,9.4,13.9
2082,786.7,17.2,89.4,9.5,14.2
2087,786.3,17.2,89.4,9.7,14.6
2092,785.8,17.2,90.3,9.8,15.0
2097,785.4,17.1,91.8,9.9,15.4
2102,784.9,17.1,93.1,10.0,15.8
2106,784.5,17.0,93.6,10.1,16.1
2111,784.1,17.0,93.6,10.2,16.5
2116,783.6,17.0,93.1,10.3,16.8
2120,783.2,17.0,92.0,10.4,17.0
2124,782.8,17.0,90.9,10.5,17.3
2129,782.4,16.9,90.0,10.5,17.5
2133,782.1,16.9,89.5,10.6,17.8
2137,781.7,16.9,90.0,10.7,18.0
2141,781.3,16.9,91.1,10.7,18.3
2146,780.9,16.8,91.7,10.8,18.5
2150,780.5,16.8,91.6,10.8,18.6
2155,780.1,16.7,91.3,10.8,18.7
2159,779.7,16.7,91.1,10.9,18.8
2164,779.3,16.7,91.3,10.9,18.9
2168,778.8,16.7,91.4,10.9,18.9
2173,778.4,16.6,91.5,10.9,18.9
2178,778.0,16.6,91.3,10.9,18.8
2183,777.5,16.6,90.3,10.9,18.7
2187,777.1,16.6,89.5,10.8,18.6
2192,776.6,16.5,89.7,10.8,18.4
2197,776.2,16.5,90.1,10.8,18.2
2203,775.7,16.5,90.3,10.8,18.0
2208,775.2,16.4,90.5,10.7,17.7
2213,774.8,16.4,90.5,10.7,17.4
2218,774.3,16.3,90.7,10.7,17.1
2223,773.8,16.3,91.0,10.7,16.7
2228,773.4,16.2,91.4,10.7,16.4
2233,772.9,16.2,91.7,10.6,16.0
2238,772.5,16.1,91.9,10.6,15.7
2243,772.1,16.1,91.9,10.6,15.3
2247,771.7,16.1,91.9,10.6,14.9
2252,771.3,16.0,91.9,10.6,14.6
2256,770.8,16.0,92.2,10.6,14.2
2261,770.4,15.9,92.3,10.6,13.9
2266,770.0,15.9,92.3,10.6,13.5
2270,769.6,15.8,92.1,10.7,13.2
2275,769.2,15.8,91.9,10.7,12.9
2280,768.7,15.8,91.9,10.7,12.6
2285,768.2,15.8,91.8,10.7,12.4
2290,767.8,15.7,91.8,10.7,12.2
2296,767.3,15.7,91.7,10.8,12.0
2301,766.8,15.7,91.6,10.8,11.8
2307,766.3,15.7,91.6,10.8,11.6
2312,765.8,15.7,91.4,10.9,11.5
2318,765.3,15.7,90.9,10.9,11.3
2323,764.8,15.6,90.3,10.9,11.2
2328,764.4,15.6,90.2,11.0,11.2
2333,763.9,15.6,90.6,11.0,11.1
2338,763.5,15.6,91.0,11.0,11.0
2343,763.1,15.5,91.2,11.1,11.0
2348,762.6,15.5,91.3,11.1,10.9
2352,762.2,15.5,91.3,11.1,10.9
2357,761.8,15.4,91.1,11.2,10.9
2362,761.4,15.4,90.6,11.2,10.8
2367,760.9,15.4,90.3,11.2,10.8
2371,760.5,15.4,90.3,11.2,10.7
2376,760.1,15.4,90.1,11.2,10.7
2381,759.6,15.4,89.9,11.2,10.7
2386,759.2,15.3,89.7,11.2,10.6
2391,758.8,15.3,89.5,11.2,10.6
2396,758.3,15.3,88.8,11.2,10.6
2401,757.9,15.3,87.8,11.2,10.5
2406,757.5,15.3,87.1,11.2,10.5
2410,757.1,15.3,87.1,11.2,10.5
2414,756.7,15.3,87.2,11.1,10.5
2419,756.3,15.3,87.2,11.1,10.5
2422,756.0,15.2,87.3,11.1,10.6
2426,755.6,15.2,87.7,11.0,10.6
2430,755.3,15.2,88.0,11.0,10.7
2434,754.9,15.2,88.3,10.9,10.8
2438,754.6,15.2,88.6,10.8,11.0
2442,754.2,15.2,88.7,10.8,11.2
2447,753.8,15.1,88.5,10.7,11.4
2451,753.4,15.1,88.0,10.6,11.7
2456,753.0,15.1,87.5,10.5,12.0
2461,752.6,15.0,86.9,10.4,12.4
2465,752.1,15.0,86.6,10.3,12.8
2470,751.7,15.0,86.4,10.2,13.2
2475,751.3,15.0,86.1,10.2,13.7
2479,750.9,15.0,85.9,10.1,14.3
2484,750.5,14.9,85.8,10.0,14.8
2489,750.1,14.9,86.1,9.8,15.4
2493,749.7,14.9,86.7,9.7,16.1
2498,749.2,14.9,87.4,9.6,16.7
2504,748.8,14.9,87.9,9.5,17.4
2509,748.3,14.8,88.2,9.4,18.0
2515,747.8,14.8,88.7,9.3,18.6
2520,747.3,14.7,89.3,9.2,19.3
2526,746.8,14.7,89.8,9.1,19.8
2531,746.3,14.6,90.1,9.0,20.4
2537,745.9,14.5,90.3,8.9,20.9
2542,745.4,14.5,90.6,8.8,21.4
2547,745.0,14.5,91.2,8.7,21.8
2551,744.6,14.4,92.0,8.6,22.2
2556,744.2,14.4,92.4,8.5,22.4
2561,743.7,14.4,92.3,8.4,22.6
2566,743.3,14.4,91.8,8.3,22.7
2570,742.9,14.4,91.5,8.2,22.7
2575,742.5,14.4,91.7,8.1,22.6
2581,742.0,14.3,91.8,8.0,22.4
2586,741.5,14.3,91.8,7.8,22.1
2592,741.0,14.2,91.8,7.7,21.8
2597,740.6,14.2,91.6,7.6,21.4
2603,740.1,14.2,90.9,7.6,20.8
2608,739.6,14.2,89.9,7.5,20.2
2614,739.1,14.2,88.7,7.4,19.6
2619,738.7,14.2,87.7,7.3,18.8
2623,738.3,14.2,87.3,7.2,18.0
2628,737.9,14.2,87.4,7.1,17.1
2632,737.5,14.1,87.6,7.1,16.2
2636,737.2,14.1,87.9,7.0,15.2
2640,736.8,14.1,87.9,6.9,14.2
2645,736.4,14.1,87.9,6.9,13.2
2649,736.0,14.0,87.8,6.8,12.1
2654,735.6,14.0,87.6,6.8,11.0
2658,735.2,14.0,87.1,6.7,9.9
2663,734.8,14.0,86.4,6.7,8.8
2668,734.4,14.0,85.7,6.7,7.7
2672,734.0,13.9,85.2,6.6,6.7
2677,733.6,13.9,85.0,6.6,5.6
2681,733.3,13.9,85.0,6.5,4.5
2686,732.9,13.9,84.7,6.5,3.4
2691,732.4,13.9,84.1,6.4,2.3
2696,732.0,13.9,83.5,6.4,1.2
2701,731.6,13.9,83.3,6.4,0.1
2706,731.1,13.8,83.4,6.3,359.1
2711,730.6,13.8,83.8,6.3,358.0
2716,730.2,13.8,84.3,6.2,356.9
2721,729.8,13.8,85.0,6.1,355.9
2726,729.4,13.8,85.5,6.1,354.9
2730,729.0,13.8,85.6,6.0,353.8
2735,728.6,13.8,85.5,6.0,352.8
2740,728.2,13.8,85.4,5.9,351.8
2745,727.8,13.7,85.0,5.9,350.8
2750,727.3,13.7,84.6,5.8,349.9
2756,726.8,13.7,84.3,5.7,349.0
2761,726.4,13.6,84.3,5.7,348.1
2766,725.9,13.6,84.6,5.6,347.2
2771,725.5,13.5,84.5,5.6,346.4
2775,725.1,13.5,84.1,5.5,345.7
2780,724.8,13.5,83.7,5.5,345.0
2783,724.4,13.5,83.3,5.4,344.4
2787,724.1,13.5,83.0,5.4,343.9
2791,723.8,13.5,82.7,5.4,343.4
2795,723.5,13.5,82.4,5.3,343.1
2799,723.1,13.5,81.8,5.3,342.8
2803,722.8,13.5,80.6,5.3,342.6
2807,722.4,13.5,79.1,5.3,342.6
2811,722.1,13.5,77.8,5.2,342.6
2816,721.7,13.5,77.2,5.2,342.7
2820,721.3,13.4,77.3,5.2,343.0
2824,720.9,13.4,77.6,5.2,343.3
2829,720.5,13.4,78.0,5.2,343.8
2834,720.1,13.4,78.3,5.2,344.3
2839,719.7,13.3,78.3,5.2,345.0
2843,719.3,13.3,78.0,5.2,345.7
2848,718.9,13.3,77.4,5.3,346.4
2853,718.5,13.2,76.8,5.3,347.2
2857,718.2,13.2,76.5,5.3,348.1
2861,717.8,13.2,76.6,5.3,349.0
2864,717.5,13.2,76.8,5.3,349.9
2868,717.2,13.2,77.0,5.3,350.8
2871,716.9,13.2,77.2,5.4,351.7
2875,716.6,13.2,77.7,5.4,352.6
2879,716.3,13.1,78.5,5.4,353.5
2883,715.9,13.1,78.9,5.4,354.3
2887,715.6,13.1,78.8,5.4,355.1
2892,715.2,13.1,78.5,5.4,355.9
2897,714.7,13.0,78.3,5.4,356.6
2903,714.3,13.0,78.2,5.4,357.3
2908,713.8,13.0,78.0,5.4,358.0
2914,713.3,12.9,77.8,5.4,358.6
2920,712.8,12.9,77.7,5.4,359.2
2926,712.3,12.8,77.6,5.4,359.7
2931,711.9,12.8,77.6,5.4,0.2
2937,711.4,12.8,77.5,5.4,0.7
2942,711.0,12.8,77.1,5.3,1.1
2946,710.6,12.8,76.7,5.3,1.4
2951,710.2,12.7,76.4,5.3,1.8
2955,709.9,12.7,76.4,5.3,2.1
2959,709.5,12.7,76.6,5.3,2.4
2963,709.1,12.7,76.8,5.3,2.7
2968,708.8,12.7,77.0,5.3,3.0
2972,708.4,12.6,77.4,5.3,3.3
2976,708.0,12.6,77.7,5.3,3.5
2981,707.7,12.6,77.8,5.3,3.7
2986,707.3,12.5,77.7,5.3,3.9
2990,706.9,12.5,77.7,5.3,4.2
2995,706.5,12.5,77.8,5.3,4.4
3000,706.1,12.5,78.1,5.3,4.6
3005,705.6,12.4,78.4,5.4,4.8
3011,705.2,12.4,78.5,5.4,5.0
3016,704.7,12.4,78.7,5.4,5.2
3022,704.2,12.3,78.7,5.4,5.4
3028,703.7,12.3,78.5,5.4,5.5
3033,703.3,12.3,78.1,5.5,5.7
3039,702.8,12.3,77.7,5.5,5.9
3043,702.4,12.3,77.5,5.5,6.0
3048,702.0,12.2,77.5,5.5,6.2
3052,701.7,12.2,77.6,5.5,6.3
3057,701.3,12.2,77.7,5.4,6.4
3061,700.9,12.2,77.7,5.4,6.5
3066,700.6,12.2,77.6,5.4,6.7
3070,700.2,12.2,77.4,5.3,6.8
3074,699.9,12.1,77.1,5.3,6.9
3078,699.5,12.1,76.6,5.2,7.0
3082,699.2,12.1,76.1,5.2,7.1
3086,698.9,12.1,75.5,5.1,7.3
3090,698.6,12.2,74.8,5.0,7.4
3094,698.2,12.2,74.2,4.9,7.6
3098,697.9,12.2,74.0,4.9,7.8
3103,697.5,12.2,74.2,4.8,8.0
3108,697.0,12.2,74.6,4.7,8.3
3113,696.6,12.2,75.1,4.6,8.6
3119,696.1,12.2,75.0,4.5,8.9
3125,695.7,12.2,74.4,4.4,9.3
3131,695.2,12.2,73.8,4.4,9.8
3136,694.7,12.2,73.4,4.3,10.2
3142,694.2,12.2,73.3,4.2,10.8
3148,693.8,12.2,73.4,4.1,11.4
3153,693.3,12.1,73.4,4.0,12.0
3159,692.9,12.1,73.1,4.0,12.8
3164,692.5,12.1,72.6,3.9,13.6
3168,692.1,12.0,72.1,3.9,14.4
3173,691.7,12.0,72.0,3.8,15.3
3177,691.4,12.0,72.3,3.7,16.3
3181,691.0,11.9,72.7,3.7,17.3
3185,690.7,11.9,72.9,3.6,18.4
3190,690.3,11.9,73.0,3.6,19.5
3194,689.9,11.9,72.9,3.5,20.6
3199,689.6,11.8,72.4,3.5,21.7
3203,689.2,11.8,71.5,3.4,22.9
3208,688.8,11.8,70.7,3.4,24.0
3212,688.4,11.8,70.8,3.4,25.1
3217,688.1,11.8,71.7,3.3,26.2
3222,687.7,11.7,72.8,3.3,27.2
3226,687.3,11.7,73.3,3.3,28.2
3232,686.9,11.7,73.3,3.2,29.1
3237,686.4,11.7,73.4,3.2,29.9
3243,685.9,11.7,73.3,3.2,30.5
3249,685.4,11.7,72.8,3.2,31.1
3255,684.9,11.7,71.9,3.2,31.4
3261,684.4,11.7,70.7,3.1,31.6
3267,684.0,11.7,69.9,3.1,31.7
3272,683.6,11.7,69.5,3.1,31.6
3276,683.2,11.7,69.3,3.1,31.3
3280,682.9,11.7,69.2,3.1,30.9
3285,682.5,11.7,69.1,3.1,30.4
3289,682.2,11.7,68.8,3.1,29.7
3293,681.8,11.7,68.5,3.1,28.9
3298,681.4,11.7,68.2,3.1,28.0
3303,681.1,11.7,68.1,3.1,27.1
3307,680.7,11.7,68.0,3.0,26.1
3312,680.3,11.7,67.9,3.0,25.1
3317,679.9,11.7,67.7,3.0,24.2
3321,679.6,11.7,67.7,3.0,23.3
3326,679.2,11.6,67.9,3.0,22.5
3330,678.8,11.6,68.3,2.9,21.8
3335,678.5,11.6,69.0,2.9,21.2
3339,678.1,11.6,70.0,2.8,20.8
3344,677.7,11.6,70.9,2.8,20.5
3349,677.3,11.6,71.9,2.7,20.4
3354,676.9,11.6,72.9,2.7,20.5
3359,676.5,11.5,73.8,2.6,20.9
3364,676.1,11.5,74.5,2.6,21.5
3368,675.7,11.4,74.6,2.5,22.4
3373,675.4,11.4,74.6,2.4,23.7
3377,675.0,11.3,74.7,2.4,25.3
3382,674.7,11.3,75.0,2.3,27.2
3386,674.3,11.3,75.3,2.3,29.5
3390,674.0,11.3,75.8,2.3,32.0
3394,673.7,11.2,76.2,2.2,34.8
3398,673.3,11.2,76.5,2.2,37.8
3403,673.0,11.2,76.7,2.3,40.8
3407,672.6,11.1,77.1,2.3,43.9
3412,672.3,11.1,77.3,2.3,46.8
3416,671.9,11.1,77.7,2.4,49.6
3421,671.5,11.1,78.1,2.5,52.1
3426,671.1,11.1,78.0,2.6,54.3
3432,670.6,11.1,77.4,2.7,56.3
3438,670.2,11.0,76.5,2.8,57.9
3443,669.7,11.0,75.2,2.9,59.4
3449,669.2,11.0,73.7,3.0,60.6
3455,668.8,11.1,72.4,3.1,61.5
3461,668.3,11.1,71.7,3.3,62.2
3467,667.8,11.0,71.1,3.4,62.8
3473,667.4,11.0,70.0,3.5,63.2
3479,666.9,11.1,68.4,3.6,63.5
3485,666.4,11.1,66.1,3.8,63.7
3491,665.9,11.1,63.9,3.9,63.7
3497,665.5,11.2,62.7,4.0,63.7
3503,665.0,11.1,62.5,4.1,63.6
3509,664.5,11.1,62.7,4.2,63.4
3515,664.0,11.1,63.1,4.3,63.2
3520,663.6,11.1,62.9,4.4,63.0
3526,663.2,11.2,62.3,4.4,62.7
3531,662.8,11.2,61.8,4.5,62.3
3535,662.4,11.1,61.7,4.6,61.9
3540,662.0,11.1,61.7,4.6,61.5
3545,661.6,11.1,61.9,4.6,61.0
3551,661.2,11.1,61.9,4.6,60.5
3556,660.8,11.1,61.8,4.6,59.9
3561,660.3,11.1,61.6,4.6,59.3
3567,659.9,11.1,61.6,4.6,58.6
3573,659.4,11.0,61.6,4.6,57.9
3579,659.0,11.0,61.7,4.6,57.1
3584,658.5,10.9,61.8,4.5,56.3
3590,658.1,10.9,62.1,4.5,55.5
3595,657.7,10.9,62.3,4.5,54.7
3600,657.3,10.8,62.2,4.4,53.9
3606,656.8,10.8,62.3,4.4,53.1
3611,656.4,10.7,62.4,4.3,52.2
3616,656.0,10.7,62.5,4.3,51.1
3622,655.6,10.7,62.6,4.2,50.0
3628,655.1,10.7,62.6,4.2,48.8
3634,654.6,10.6,62.5,4.1,47.5
3640,654.1,10.6,62.3,4.1,46.3
3646,653.7,10.6,62.1,4.0,45.1
3652,653.2,10.5,61.8,4.0,43.9
3659,652.7,10.5,61.6,4.0,42.8
3665,652.2,10.5,61.5,4.0,41.8
3670,651.8,10.5,61.6,4.0,40.8
3676,651.3,10.5,61.8,3.9,40.0
3682,650.9,10.4,62.0,3.9,39.4
3687,650.5,10.4,62.1,3.9,38.9
3692,650.1,10.4,62.3,3.9,38.5
3697,649.7,10.4,62.5,4.0,38.3
3701,649.3,10.3,62.5,4.0,38.2
3706,649.0,10.3,62.5,4.0,38.3
3711,648.6,10.3,62.5,4.0,38.5
3716,648.2,10.3,62.6,4.0,38.8
3721,647.8,10.3,62.6,4.0,39.2
3726,647.4,10.2,62.4,4.0,39.8
3731,647.1,10.2,62.1,4.0,40.4
3735,646.7,10.1,61.8,4.1,41.2
3740,646.3,10.1,61.5,4.1,42.0
3744,646.0,10.1,61.1,4.1,42.8
3749,645.7,10.1,60.9,4.1,43.7
3753,645.3,10.1,60.8,4.1,44.6
3758,645.0,10.0,60.8,4.1,45.5
3763,644.6,10.0,61.0,4.1,46.4
3768,644.2,10.0,62.0,4.2,47.2
3774,643.7,10.0,63.3,4.2,48.1
3779,643.3,10.0,64.1,4.2,48.9
3785,642.8,10.0,64.5,4.2,49.6
3791,642.4,9.9,64.5,4.2,50.4
3797,641.9,9.9,64.5,4.2,51.0
3803,641.5,9.9,64.4,4.2,51.6
3809,641.0,9.9,64.3,4.2,52.1
3814,640.6,9.9,64.0,4.3,52.6
3819,640.2,9.8,63.7,4.3,53.1
3825,639.8,9.8,63.5,4.3,53.6
3830,639.4,9.8,63.3,4.3,54.1
3834,639.1,9.8,63.4,4.3,54.7
3839,638.7,9.8,63.9,4.4,55.2
3844,638.3,9.8,64.3,4.4,55.8
3848,638.0,9.8,64.4,4.4,56.4
3853,637.7,9.7,64.4,4.5,57.0
3857,637.3,9.7,64.3,4.5,57.6
3861,637.0,9.7,64.5,4.5,58.2
3865,636.7,9.7,64.8,4.6,58.8
3870,636.3,9.7,65.0,4.6,59.5
3875,636.0,9.7,65.2,4.6,60.1
3880,635.6,9.7,64.8,4.7,60.8
3885,635.2,9.7,64.2,4.7,61.4
3890,634.8,9.7,63.8,4.7,62.0
3895,634.4,9.7,63.5,4.8,62.6
3901,634.0,9.6,63.1,4.8,63.1
3906,633.6,9.6,62.8,4.8,63.5
3911,633.2,9.6,62.7,4.8,64.0
3915,632.9,9.6,62.7,4.9,64.3
3920,632.6,9.6,62.8,4.9,64.6
3924,632.2,9.6,62.9,4.9,64.8
3927,632.0,9.6,62.9,4.9,64.9
3931,631.7,9.6,62.9,4.9,64.9
3934,631.4,9.6,63.0,4.9,64.8
3938,631.2,9.5,63.1,4.9,64.7
3941,630.9,9.5,63.3,4.9,64.4
3945,630.6,9.5,63.6,4.9,64.1
3948,630.4,9.5,64.0,4.9,63.7
3952,630.1,9.5,64.3,4.9,63.2
3955,629.8,9.4,64.4,4.8,62.7
3959,629.6,9.4,64.6,4.8,62.1
3962,629.3,9.3,64.6,4.8,61.5
3966,629.0,9.3,64.8,4.8,60.9
3970,628.8,9.3,65.0,4.7,60.4
3973,628.5,9.3,65.2,4.7,59.8
3977,628.2,9.3,65.4,4.6,59.3
3981,627.9,9.3,65.6,4.6,58.9
3985,627.6,9.2,65.7,4.6,58.5
3990,627.2,9.2,65.8,4.5,58.3
3994,626.9,9.2,65.8,4.4,58.2
3999,626.5,9.1,65.7,4.4,58.3
4004,626.2,9.1,65.7,4.3,58.5
4009,625.8,9.1,65.8,4.3,58.8
4014,625.4,9.0,65.9,4.2,59.3
4019,625.0,9.0,66.3,4.1,59.9
4024,624.6,9.0,66.7,4.1,60.7
4029,624.2,8.9,67.0,4.0,61.6
4035,623.9,8.9,67.1,3.9,62.7
4040,623.5,8.8,67.2,3.9,63.9
4044,623.1,8.8,67.4,3.8,65.3
4049,622.8,8.8,67.8,3.8,66.7
4053,622.4,8.8,68.2,3.8,68.1
4057,622.1,8.8,68.4,3.8,69.6
4061,621.8,8.8,68.8,3.7,71.0
4065,621.5,8.7,69.6,3.7,72.5
4069,621.2,8.7,71.1,3.8,73.8
4074,620.9,8.7,73.4,3.8,75.0
4078,620.6,8.6,76.4,3.8,76.1
4083,620.2,8.6,78.5,3.8,77.1
4088,619.8,8.5,79.5,3.9,77.9
4093,619.4,8.4,80.1,3.9,78.5
4099,619.0,8.4,81.1,4.0,79.1
4104,618.6,8.3,82.1,4.1,79.5
4110,618.2,8.3,82.6,4.2,79.8
4116,617.8,8.2,82.6,4.2,80.0
4122,617.3,8.2,82.8,4.3,80.1
4127,616.9,8.2,83.0,4.4,80.2
4133,616.5,8.2,83.1,4.5,80.2
4138,616.1,8.1,83.2,4.6,80.2
4144,615.7,8.1,83.1,4.7,80.2
4149,615.3,8.0,82.8,4.9,80.2
4153,615.0,8.0,82.7,5.0,80.2
4158,614.6,8.0,82.8,5.1,80.3
4163,614.3,7.9,83.1,5.2,80.3
4167,613.9,7.9,83.6,5.3,80.4
4172,613.6,7.9,83.9,5.4,80.5
4176,613.3,7.8,83.9,5.6,80.7
4181,612.9,7.8,83.7,5.7,80.8
4186,612.5,7.7,83.5,5.8,81.0
4191,612.2,7.7,83.6,5.9,81.2
4196,611.8,7.7,83.8,6.0,81.4
4202,611.4,7.6,83.9,6.1,81.6
4207,611.0,7.6,83.9,6.2,81.8
4213,610.5,7.6,83.9,6.3,82.0
4219,610.1,7.5,83.9,6.4,82.2
4224,609.7,7.5,83.7,6.4,82.4
4230,609.3,7.6,83.2,6.5,82.5
4236,608.9,7.7,82.4,6.5,82.6
4241,608.5,7.8,81.4,6.6,82.7
4247,608.0,7.9,80.5,6.6,82.8
4253,607.6,8.0,79.5,6.6,82.9
4259,607.2,8.1,78.6,6.6,82.9
4264,606.8,8.2,78.1,6.6,82.9
4270,606.3,8.2,77.9,6.5,82.8
4276,605.9,8.1,77.9,6.5,82.7
4281,605.5,8.2,77.7,6.4,82.6
4286,605.2,8.2,77.6,6.4,82.5
4291,604.8,8.1,77.6,6.3,82.3
4296,604.5,8.1,77.8,6.2,82.2
4300,604.2,8.1,78.1,6.1,81.9
4304,603.9,8.1,78.4,6.0,81.7
4308,603.6,8.1,78.6,5.9,81.4
4312,603.3,8.1,78.8,5.8,81.1
4316,603.0,8.1,78.9,5.7,80.8
4321,602.7,8.0,79.2,5.6,80.5
4325,602.3,8.0,79.5,5.5,80.1
4330,602.0,8.0,79.8,5.3,79.7
4335,601.6,7.9,80.1,5.2,79.2
4341,601.2,7.9,80.4,5.1,78.7
4346,600.8,7.8,80.7,5.0,78.2
4352,600.4,7.8,81.0,4.9,77.6
4357,600.0,7.7,81.0,4.8,76.9
4362,599.6,7.7,81.0,4.7,76.2
4367,599.3,7.6,80.8,4.6,75.5
4372,598.9,7.6,80.6,4.6,74.8
4376,598.6,7.6,80.3,4.5,74.0
4381,598.3,7.5,80.2,4.4,73.1
4385,598.0,7.5,80.1,4.4,72.3
4390,597.7,7.5,80.0,4.3,71.4
4394,597.3,7.5,79.9,4.3,70.4
4399,597.0,7.4,80.0,4.2,69.5
4403,596.7,7.4,80.1,4.2,68.5
4408,596.3,7.4,80.2,4.2,67.5
4413,595.9,7.3,80.5,4.1,66.6
4418,595.6,7.3,80.9,4.1,65.6
4423,595.3,7.2,81.4,4.1,64.7
4427,594.9,7.2,81.6,4.1,63.9
4432,594.6,7.2,81.6,4.1,63.1
4437,594.3,7.2,81.3,4.1,62.3
4441,593.9,7.2,80.9,4.1,61.7
4446,593.6,7.2,80.5,4.1,61.1
4451,593.2,7.2,80.2,4.1,60.5
4456,592.9,7.1,80.1,4.1,60.1
4461,592.5,7.1,79.8,4.1,59.8
4466,592.1,7.1,79.4,4.1,59.6
4471,591.8,7.1,78.8,4.1,59.4
4475,591.5,7.1,78.5,4.1,59.4
4480,591.2,7.0,78.5,4.1,59.5
4484,590.9,7.0,78.7,4.1,59.6
4488,590.6,7.0,78.8,4.1,59.9
4492,590.3,7.0,78.9,4.2,60.2
4496,590.0,7.0,79.0,4.2,60.6
4500,589.7,6.9,79.3,4.2,61.1
4504,589.4,6.9,79.7,4.2,61.6
4508,589.1,6.9,80.0,4.3,62.2
4513,588.8,6.8,80.1,4.3,62.7
4517,588.5,6.8,80.2,4.3,63.2
4522,588.1,6.7,80.1,4.3,63.8
4527,587.8,6.7,80.1,4.4,64.2
4532,587.4,6.6,80.3,4.4,64.6
4537,587.1,6.6,80.4,4.4,65.0
4542,586.7,6.6,80.3,4.5,65.2
4546,586.4,6.5,79.9,4.5,65.4
4551,586.1,6.5,79.5,4.5,65.5
4555,585.8,6.5,79.4,4.5,65.4
4559,585.5,6.5,79.7,4.5,65.3
4564,585.1,6.4,79.9,4.5,65.0
4569,584.8,6.4,79.8,4.6,64.6
4573,584.5,6.3,79.8,4.6,64.0
4578,584.1,6.3,80.3,4.6,63.3
4583,583.8,6.2,80.8,4.6,62.5
4589,583.4,6.2,81.2,4.6,61.5
4594,583.0,6.1,81.3,4.5,60.4
4599,582.6,6.1,80.9,4.5,59.2
4605,582.2,6.1,80.7,4.5,57.8
4610,581.8,6.0,80.7,4.5,56.4
4616,581.5,6.0,80.7,4.5,54.8
4621,581.1,5.9,80.6,4.5,53.2
4627,580.7,5.9,80.6,4.5,51.5
4632,580.3,5.8,80.6,4.5,49.8
4636,580.0,5.8,80.6,4.4,48.2
4641,579.7,5.8,80.4,4.4,46.8
4645,579.4,5.8,80.0,4.4,45.6
4649,579.1,5.8,79.9,4.4,44.5
4653,578.8,5.7,80.3,4.4,43.3
4657,578.5,5.7,81.0,4.4,42.2
4661,578.2,5.7,81.8,4.4,41.1
4666,577.9,5.6,82.5,4.4,39.9
4670,577.6,5.6,83.0,4.4,38.6
4675,577.3,5.6,83.1,4.4,37.3
4679,577.0,5.6,83.0,4.4,36.0
4684,576.6,5.6,82.9,4.4,34.9
4689,576.3,5.5,82.7,4.4,33.9
4694,575.9,5.5,82.6,4.4,32.9
4699,575.6,5.5,82.4,4.4,32.1
4705,575.2,5.5,82.3,4.4,31.4
4710,574.8,5.5,82.3,4.4,30.8
4715,574.5,5.4,82.4,4.4,30.3
4720,574.1,5.4,82.6,4.4,29.9
4725,573.8,5.4,82.8,4.4,29.6
4730,573.4,5.3,83.0,4.4,29.2
4735,573.0,5.3,83.2,4.4,28.8
4741,572.7,5.3,83.4,4.4,28.5
4746,572.3,5.2,83.5,4.4,28.1
4751,571.9,5.2,83.6,4.4,27.7
4757,571.6,5.1,83.6,4.4,27.4
4762,571.2,5.1,83.7,4.4,27.0
4767,570.8,5.0,83.8,4.4,26.6
4772,570.5,5.0,84.1,4.4,26.2
4777,570.1,5.0,84.4,4.5,25.9
4782,569.8,4.9,84.7,4.5,25.6
4787,569.4,4.9,84.8,4.5,25.3
4792,569.1,4.8,84.8,4.5,24.9
4796,568.8,4.8,84.9,4.6,24.4
4801,568.5,4.7,85.0,4.6,23.9
4805,568.2,4.7,85.2,4.7,23.4
4810,567.9,4.7,85.3,4.7,22.9
4814,567.6,4.6,85.5,4.8,22.4
4818,567.2,4.6,85.7,4.9,21.9
4823,566.9,4.6,85.9,4.9,21.5
4827,566.6,4.5,86.2,5.0,21.1
4832,566.3,4.5,86.4,5.0,20.7
4837,566.0,4.5,86.5,5.1,20.4
4842,565.6,4.4,86.6,5.2,20.2
4847,565.3,4.4,86.7,5.2,20.0
4852,564.9,4.4,86.9,5.3,19.8
4857,564.5,4.3,87.1,5.3,19.7
4863,564.2,4.3,87.2,5.4,19.7
4869,563.8,4.2,87.2,5.4,19.7
4874,563.4,4.2,87.1,5.5,19.7
4879,563.1,4.2,87.0,5.5,19.8
4884,562.7,4.1,86.9,5.5,19.9
4888,562.4,4.1,86.8,5.6,20.1
4893,562.1,4.1,86.9,5.6,20.3
4897,561.8,4.1,87.1,5.6,20.4
4901,561.5,4.1,87.0,5.6,20.6
4906,561.2,4.0,87.0,5.6,20.8
4911,560.9,4.0,87.1,5.6,20.9
4916,560.5,3.9,87.2,5.6,21.1
4921,560.2,3.9,87.5,5.6,21.2
4926,559.8,3.9,87.7,5.6,21.2
4931,559.5,3.8,87.7,5.6,21.3
4937,559.1,3.8,87.3,5.5,21.3
4942,558.7,3.8,86.9,5.5,21.3
4947,558.3,3.8,86.8,5.5,21.3
4953,558.0,3.8,86.7,5.5,21.2
4958,557.6,3.7,86.6,5.5,21.1
4964,557.2,3.7,86.3,5.4,20.9
4969,556.9,3.7,85.8,5.4,20.7
4974,556.5,3.6,85.4,5.4,20.5
4979,556.2,3.6,85.1,5.3,20.2
4984,555.9,3.6,84.7,5.3,19.9
4989,555.5,3.6,83.5,5.3,19.6
4994,555.2,3.5,82.2,5.3,19.2
4999,554.8,3.5,82.2,5.3,18.9
5004,554.5,3.5,83.5,5.3,18.6
5010,554.1,3.4,85.1,5.3,18.3
5015,553.7,3.4,86.5,5.3,18.0
5020,553.4,3.3,87.1,5.3,17.7
5026,553.0,3.3,86.9,5.3,17.4
5031,552.6,3.2,86.5,5.3,17.2
5037,552.2,3.2,86.7,5.3,17.0
5042,551.9,3.1,87.2,5.3,16.7
5048,551.5,3.1,87.5,5.4,16.5
5053,551.2,3.1,87.3,5.4,16.3
5058,550.8,3.1,86.4,5.4,16.2
5062,550.5,3.1,84.1,5.4,16.0
5067,550.2,3.1,80.3,5.5,15.8
5073,549.8,3.1,76.2,5.5,15.7
5078,549.5,3.2,72.3,5.5,15.5
5083,549.1,3.2,68.8,5.5,15.3
5088,548.8,3.2,65.6,5.6,15.1
5094,548.4,3.2,62.7,5.6,14.9
5099,548.1,3.2,59.1,5.6,14.7
5103,547.7,3.2,56.0,5.6,14.4
5108,547.4,3.2,54.5,5.6,14.1
5113,547.1,3.2,53.2,5.6,13.8
5117,546.8,3.2,51.6,5.6,13.5
5122,546.5,3.2,51.3,5.6,13.1
5127,546.1,3.2,52.7,5.6,12.8
5133,545.8,3.1,55.6,5.6,12.4
5138,545.4,3.1,59.6,5.6,12.0
5144,545.0,3.0,66.0,5.6,11.6
5149,544.7,2.8,75.4,5.6,11.2
5155,544.3,2.7,84.0,5.5,10.8
5160,543.9,2.6,86.2,5.5,10.4
5166,543.5,2.6,82.6,5.5,10.1
5171,543.2,2.6,76.2,5.5,9.8
5177,542.8,2.8,68.5,5.4,9.6
5183,542.4,2.8,63.2,5.4,9.4
5189,542.0,2.8,61.0,5.4,9.3
5195,541.6,2.8,59.3,5.4,9.3
5200,541.2,2.8,56.4,5.4,9.4
5206,540.9,2.8,53.6,5.3,9.5
5211,540.5,2.8,51.4,5.3,9.7
5216,540.2,2.8,49.9,5.3,10.1
5221,539.9,2.8,48.8,5.3,10.5
5226,539.5,2.8,48.4,5.3,11.0
5230,539.2,2.8,48.4,5.2,11.6
5235,538.9,2.8,48.3,5.2,12.4
5240,538.6,2.8,47.5,5.2,13.2
5244,538.3,2.9,46.3,5.2,14.1
5249,538.0,2.9,45.6,5.1,15.1
5253,537.7,2.9,45.2,5.1,16.2
5258,537.4,3.0,44.7,5.1,17.4
5262,537.1,3.0,44.1,5.0,18.7
5267,536.8,3.0,43.5,5.0,20.0
5271,536.5,3.0,43.2,5.0,21.4
5276,536.2,3.0,43.0,4.9,22.9
5280,535.9,3.0,43.1,4.9,24.5
5285,535.6,3.0,43.6,4.8,26.0
5289,535.3,2.9,44.6,4.8,27.7
5294,535.0,2.9,45.8,4.7,29.4
5298,534.7,2.8,47.2,4.7,31.1
5303,534.4,2.8,48.8,4.6,32.9
5308,534.1,2.7,50.2,4.6,34.7
5313,533.7,2.7,51.4,4.5,36.5
5318,533.4,2.6,52.6,4.5,38.3
5324,533.1,2.6,53.4,4.4,40.2
5329,532.7,2.5,54.0,4.4,42.0
5334,532.4,2.5,54.4,4.3,43.9
5339,532.0,2.4,54.5,4.3,45.7
5344,531.7,2.4,54.4,4.3,47.6
5349,531.4,2.4,54.1,4.2,49.3
5353,531.1,2.3,53.6,4.2,51.1
5357,530.8,2.3,52.6,4.2,52.8
5362,530.5,2.3,51.3,4.2,54.4
5366,530.2,2.4,50.0,4.1,55.9
5371,529.9,2.4,48.3,4.1,57.4
5376,529.6,2.4,46.9,4.1,58.7
5381,529.3,2.4,46.4,4.1,60.0
5386,529.0,2.4,46.9,4.1,61.3
5391,528.6,2.4,47.4,4.2,62.4
5396,528.3,2.3,47.6,4.2,63.5
5402,527.9,2.3,46.9,4.2,64.5
5407,527.6,2.3,44.9,4.2,65.4
5412,527.3,2.3,41.5,4.2,66.3
5417,526.9,2.4,37.8,4.3,67.2
5423,526.6,2.4,35.4,4.3,68.0
5428,526.2,2.4,34.5,4.3,68.7
5433,525.9,2.4,34.0,4.3,69.4
5439,525.5,2.4,33.4,4.4,70.1
5445,525.1,2.4,32.9,4.4,70.8
5450,524.8,2.4,32.6,4.4,71.4
5456,524.4,2.4,32.4,4.4,72.0
5462,524.0,2.3,32.4,4.4,72.6
5468,523.6,2.3,32.5,4.4,73.2
5474,523.2,2.3,32.8,4.4,73.8
5479,522.9,2.2,33.2,4.4,74.4
5485,522.5,2.2,33.4,4.4,75.0
5490,522.2,2.1,33.5,4.4,75.6
5495,521.9,2.1,33.7,4.4,76.1
5500,521.6,2.1,34.0,4.3,76.7
5505,521.2,2.0,34.2,4.3,77.3
5509,520.9,2.0,34.4,4.3,77.8
5514,520.6,2.0,34.6,4.2,78.3
5519,520.3,1.9,34.9,4.2,78.8
5524,520.0,1.9,35.3,4.1,79.3
5528,519.7,1.9,35.8,4.0,79.8
5533,519.4,1.9,36.5,3.9,80.3
5538,519.1,1.9,37.1,3.9,80.7
5543,518.8,1.8,37.3,3.8,81.2
5548,518.5,1.8,37.4,3.7,81.6
5553,518.1,1.8,37.0,3.6,82.0
5558,517.8,1.8,36.0,3.5,82.4
5563,517.5,1.8,35.0,3.4,82.7
5567,517.2,1.8,34.6,3.3,83.1
5572,516.9,1.8,34.8,3.2,83.4
5577,516.6,1.8,35.4,3.1,83.7
5581,516.3,1.8,36.1,3.0,83.9
5586,516.0,1.7,36.4,2.9,84.1
5590,515.7,1.7,36.5,2.8,84.3
5595,515.4,1.7,36.4,2.7,84.5
5600,515.1,1.7,36.5,2.7,84.6
5605,514.8,1.6,37.1,2.6,84.7
5610,514.5,1.6,38.2,2.5,84.7
5616,514.1,1.6,39.7,2.5,84.7
5621,513.8,1.5,41.5,2.4,84.6
5627,513.4,1.4,44.0,2.4,84.5
5633,513.0,1.4,46.8,2.4,84.3
5638,512.7,1.3,48.7,2.4,84.1
5644,512.3,1.3,49.2,2.4,83.8
5649,512.0,1.2,49.1,2.4,83.4
5654,511.7,1.2,49.1,2.4,83.1
5658,511.4,1.2,49.2,2.4,82.6
5663,511.1,1.1,49.5,2.4,82.2
5667,510.9,1.1,50.2,2.5,81.7
5671,510.6,1.1,50.9,2.5,81.2
5676,510.3,1.0,51.4,2.6,80.7
5681,510.0,1.0,51.7,2.6,80.2
5685,509.7,0.9,52.4,2.7,79.7
5690,509.4,0.9,53.6,2.8,79.1
5696,509.0,0.9,54.3,2.8,78.6
5701,508.7,0.8,54.6,2.9,78.0
5707,508.3,0.8,54.7,3.0,77.5
5712,508.0,0.7,54.7,3.1,76.9
5718,507.6,0.7,54.5,3.2,76.3
5723,507.3,0.6,54.7,3.3,75.7
5729,506.9,0.6,55.2,3.3,75.1
5734,506.6,0.5,55.7,3.4,74.5
5739,506.3,0.5,56.3,3.5,73.9
5745,505.9,0.5,56.8,3.6,73.3
5750,505.6,0.4,57.2,3.7,72.6
5755,505.3,0.4,57.9,3.8,72.0
5761,504.9,0.4,59.0,3.9,71.3
5766,504.6,0.3,60.0,3.9,70.7
5771,504.3,0.3,59.9,4.0,70.0
5777,503.9,0.3,59.0,4.1,69.3
5782,503.6,0.3,57.9,4.1,68.6
5787,503.3,0.2,57.0,4.2,67.9
5793,502.9,0.2,56.6,4.3,67.1
5798,502.6,0.2,57.0,4.3,66.4
5803,502.3,0.1,58.1,4.4,65.7
5809,501.9,0.1,59.6,4.4,65.0
5814,501.6,0.0,60.6,4.5,64.3
5819,501.3,0.0,61.1,4.5,63.6
5824,501.0,-0.0,61.0,4.5,62.9
5829,500.6,-0.1,60.7,4.5,62.2
5834,500.3,-0.1,60.7,4.6,61.5
5839,500.0,-0.1,60.8,4.6,60.8
5844,499.7,-0.2,60.6,4.6,60.1
5849,499.4,-0.2,59.7,4.6,59.5
5854,499.1,-0.2,57.6,4.6,58.8
5859,498.8,-0.2,55.0,4.6,58.1
5864,498.4,-0.2,52.6,4.6,57.5
5869,498.1,-0.2,50.8,4.5,57.0
5875,497.8,-0.2,49.1,4.5,56.4
5880,497.5,-0.2,48.0,4.5,55.9
5885,497.2,-0.2,48.1,4.5,55.4
5890,496.9,-0.3,48.5,4.5,54.9
5895,496.6,-0.3,48.2,4.5,54.5
5899,496.3,-0.3,46.5,4.5,54.1
5904,496.0,-0.4,44.9,4.5,53.7
5909,495.7,-0.4,44.5,4.5,53.4
5913,495.4,-0.4,44.8,4.5,53.2
5918,495.1,-0.5,45.0,4.5,53.0
5922,494.9,-0.5,45.3,4.5,52.8
5926,494.6,-0.5,45.5,4.5,52.6
5930,494.4,-0.6,45.9,4.5,52.6
5934,494.1,-0.6,46.6,4.6,52.5
5938,493.9,-0.7,47.5,4.6,52.5
5942,493.6,-0.7,48.5,4.6,52.6
5946,493.4,-0.8,49.0,4.7,52.7
5950,493.2,-0.8,49.1,4.7,52.9
5953,492.9,-0.8,49.4,4.8,53.0
5957,492.7,-0.9,50.0,4.8,53.3
5962,492.4,-0.9,51.3,4.8,53.5
5966,492.2,-0.9,53.2,4.9,53.8
5970,491.9,-1.0,54.5,4.9,54.2
5975,491.6,-1.0,54.8,5.0,54.6
5979,491.3,-1.1,54.8,5.0,55.0
5984,491.0,-1.1,55.0,5.1,55.5
5989,490.7,-1.2,55.3,5.1,56.0
5994,490.4,-1.2,55.8,5.2,56.6
6000,490.1,-1.2,56.4,5.2,57.2
6005,489.7,-1.3,57.1,5.3,57.9
6011,489.4,-1.3,57.7,5.4,58.5
6017,489.0,-1.4,58.4,5.4,59.2
6023,488.6,-1.4,59.3,5.5,60.0
6029,488.3,-1.4,60.0,5.6,60.7
6035,487.9,-1.5,60.5,5.7,61.5
6041,487.6,-1.5,60.8,5.7,62.2
6046,487.2,-1.6,60.9,5.8,63.0
6051,486.9,-1.6,60.8,5.9,63.7
6056,486.6,-1.6,60.4,6.0,64.5
6061,486.4,-1.6,60.0,6.2,65.2
6065,486.1,-1.6,59.6,6.3,65.9
6070,485.8,-1.6,58.9,6.4,66.6
6075,485.5,-1.6,57.6,6.5,67.2
6080,485.2,-1.6,55.1,6.6,67.8
6085,484.9,-1.6,51.2,6.8,68.4
6090,484.6,-1.5,45.5,6.9,68.9
6095,484.3,-1.4,41.0,7.0,69.4
6099,484.0,-1.4,40.2,7.1,69.9
6104,483.7,-1.4,40.9,7.2,70.3
6109,483.4,-1.5,41.3,7.4,70.7
6113,483.2,-1.5,40.7,7.5,71.0
6118,482.9,-1.5,39.7,7.6,71.3
6122,482.6,-1.5,38.8,7.6,71.6
6127,482.3,-1.6,37.8,7.7,71.8
6132,482.0,-1.6,36.4,7.8,72.0
6137,481.7,-1.6,34.8,7.8,72.2
6141,481.4,-1.6,33.9,7.9,72.3
6146,481.1,-1.6,34.0,7.9,72.4
6152,480.8,-1.6,34.8,7.9,72.5
6157,480.5,-1.7,35.5,7.9,72.5
6162,480.2,-1.7,35.8,7.9,72.6
6167,479.9,-1.8,35.8,7.9,72.5
6173,479.6,-1.8,35.7,7.9,72.5
6178,479.2,-1.9,35.7,7.9,72.4
6183,478.9,-1.9,35.9,7.8,72.3
6188,478.6,-2.0,36.2,7.8,72.2
6193,478.3,-2.0,36.4,7.8,72.1
6198,478.0,-2.0,36.7,7.7,71.9
6203,477.7,-2.1,36.9,7.7,71.7
6208,477.4,-2.1,37.0,7.7,71.5
6214,477.1,-2.2,37.2,7.6,71.3
6219,476.8,-2.2,37.9,7.6,71.1
6224,476.5,-2.3,39.3,7.5,70.9
6229,476.2,-2.3,40.8,7.5,70.6
6234,475.9,-2.4,42.1,7.5,70.4
6239,475.6,-2.4,43.2,7.4,70.2
6243,475.3,-2.4,44.6,7.4,70.0
6248,475.0,-2.5,46.3,7.4,69.8
6253,474.8,-2.5,48.4,7.3,69.6
6257,474.5,-2.5,50.6,7.3,69.5
6261,474.2,-2.5,52.6,7.3,69.4
6266,474.0,-2.5,54.4,7.2,69.3
6270,473.7,-2.6,56.1,7.2,69.2
6274,473.5,-2.6,57.5,7.2,69.2
6278,473.2,-2.6,58.1,7.1,69.2
6282,473.0,-2.6,58.3,7.1,69.2
6286,472.8,-2.7,58.8,7.1,69.3
6290,472.5,-2.7,59.1,7.0,69.3
6295,472.3,-2.7,59.2,7.0,69.5
6299,472.0,-2.7,59.4,6.9,69.6
6304,471.7,-2.8,59.8,6.9,69.8
6308,471.4,-2.8,60.1,6.8,69.9
6313,471.1,-2.9,60.6,6.8,70.1
6318,470.9,-2.9,61.1,6.7,70.3
6323,470.6,-3.0,61.6,6.6,70.5
6328,470.3,-3.0,61.9,6.6,70.7
6333,470.0,-3.1,62.1,6.5,70.8
6338,469.7,-3.1,62.2,6.5,71.0
6343,469.4,-3.1,62.3,6.4,71.1
6348,469.1,-3.2,62.5,6.4,71.1
6352,468.8,-3.2,62.8,6.3,71.2
6357,468.5,-3.3,63.1,6.3,71.1
6362,468.3,-3.3,63.3,6.2,71.1
6366,468.0,-3.3,63.6,6.2,70.9
6371,467.7,-3.4,63.9,6.1,70.7
6376,467.4,-3.4,64.2,6.1,70.5
6381,467.1,-3.5,64.5,6.0,70.1
6387,466.8,-3.5,64.8,6.0,69.7
6392,466.5,-3.6,65.1,5.9,69.3
6397,466.2,-3.6,65.3,5.9,68.7
6403,465.9,-3.7,65.4,5.8,68.1
6408,465.6,-3.7,65.6,5.7,67.4
6413,465.3,-3.8,65.8,5.7,66.7
6418,465.0,-3.8,66.1,5.6,65.9
6423,464.7,-3.8,66.3,5.5,65.1
6428,464.4,-3.9,66.6,5.4,64.2
6433,464.1,-3.9,66.7,5.3,63.3
6438,463.8,-4.0,66.9,5.2,62.3
6444,463.5,-4.0,67.3,5.1,61.3
6449,463.1,-4.1,67.7,5.0,60.3
6454,462.8,-4.1,68.0,4.9,59.3
6459,462.5,-4.2,68.2,4.8,58.2
6464,462.2,-4.2,68.3,4.7,57.2
6470,461.9,-4.2,68.5,4.6,56.1
6475,461.6,-4.3,68.8,4.5,55.1
6480,461.3,-4.3,69.2,4.4,54.0
6485,461.0,-4.4,69.4,4.3,53.0
6490,460.7,-4.4,69.6,4.2,52.1
6495,460.4,-4.4,69.9,4.1,51.2
6500,460.1,-4.5,70.3,4.1,50.4
6505,459.8,-4.5,70.6,4.0,49.6
6510,459.6,-4.5,70.9,3.9,48.9
6515,459.3,-4.5,71.0,3.9,48.3
6520,459.0,-4.6,71.0,3.8,47.8
6524,458.7,-4.6,71.1,3.8,47.3
6529,458.5,-4.6,71.3,3.7,47.0
6534,458.2,-4.7,71.6,3.7,46.7
6538,457.9,-4.7,71.9,3.7,46.5
6543,457.6,-4.7,72.1,3.7,46.4
6548,457.4,-4.8,72.4,3.7,46.3
6553,457.1,-4.8,72.9,3.7,46.2
6558,456.8,-4.8,73.4,3.7,46.2
6562,456.5,-4.8,74.0,3.7,46.2
6567,456.2,-4.9,74.1,3.7,46.2
6572,455.9,-4.9,73.7,3.7,46.2
6577,455.7,-4.9,73.0,3.7,46.2
6582,455.4,-4.9,72.0,3.7,46.2
6587,455.1,-5.0,70.6,3.8,46.2
6592,454.8,-5.0,69.0,3.8,46.2
6598,454.5,-5.0,67.8,3.8,46.2
6603,454.2,-5.0,67.2,3.8,46.1
6608,453.9,-5.0,66.6,3.8,46.1
6613,453.6,-5.0,65.7,3.7,46.0
6619,453.3,-5.0,64.1,3.7,45.9
6624,453.0,-5.0,62.0,3.7,45.8
6629,452.7,-5.0,59.8,3.7,45.6
6634,452.4,-4.9,58.8,3.6,45.5
6639,452.1,-4.9,60.8,3.6,45.4
6645,451.8,-4.8,62.5,3.5,45.3
6650,451.5,-4.8,61.6,3.5,45.1
6656,451.1,-4.8,60.1,3.4,45.0
6662,450.8,-4.8,59.3,3.3,44.9
6667,450.5,-4.8,59.0,3.3,44.8
6673,450.1,-4.8,58.7,3.2,44.7
6679,449.8,-4.9,58.3,3.1,44.7
6684,449.5,-4.9,57.8,3.0,44.6
6689,449.2,-4.9,57.6,2.9,44.6
6694,448.9,-5.0,57.5,2.8,44.5
6699,448.7,-5.0,57.3,2.7,44.5
6703,448.4,-5.0,57.3,2.6,44.4
6708,448.1,-5.1,57.4,2.5,44.4
6712,447.9,-5.1,57.5,2.4,44.4
6717,447.6,-5.1,57.3,2.3,44.3
6721,447.4,-5.2,57.3,2.2,44.3
6726,447.1,-5.2,57.3,2.1,44.2
6730,446.9,-5.3,57.4,2.0,44.2
6734,446.6,-5.3,57.6,1.9,44.1
6739,446.4,-5.3,57.8,1.8,44.1
6743,446.1,-5.4,57.8,1.7,44.0
6748,445.9,-5.4,57.7,1.6,44.0
6753,445.6,-5.4,57.4,1.5,43.9
6758,445.3,-5.5,56.9,1.4,43.9
6763,445.0,-5.5,56.4,1.3,43.8
6768,444.8,-5.5,55.7,1.2,43.8
6773,444.5,-5.6,55.1,1.1,43.7
6778,444.2,-5.6,54.9,1.0,43.6
6783,443.9,-5.6,55.1,0.9,43.5
6788,443.6,-5.7,55.3,0.8,43.4
6793,443.3,-5.7,55.4,0.8,43.3
6798,443.0,-5.8,55.3,0.7,43.1
6804,442.7,-5.8,55.0,0.6,42.9
6809,442.4,-5.9,54.4,0.6,42.5
6814,442.1,-5.9,53.8,0.6,41.9
6820,441.8,-5.9,53.5,0.5,41.2
6825,441.5,-6.0,53.4,0.5,40.1
6830,441.2,-6.0,53.3,0.5,38.9
6835,440.9,-6.1,52.9,0.5,37.3
6841,440.6,-6.1,52.8,0.5,35.5
6846,440.3,-6.2,52.8,0.5,33.4
6851,440.1,-6.2,52.8,0.5,31.1
6856,439.8,-6.2,52.8,0.6,28.7
6861,439.5,-6.3,52.5,0.6,26.3
6866,439.2,-6.3,51.5,0.6,24.0
6872,438.9,-6.3,50.1,0.7,21.7
6877,438.6,-6.3,48.6,0.7,19.4
6883,438.3,-6.3,47.9,0.8,17.2
6888,438.0,-6.3,47.7,0.8,15.1
6894,437.7,-6.3,47.5,0.9,13.0
6899,437.4,-6.3,47.2,0.9,11.1
6904,437.1,-6.3,47.2,1.0,9.2
6909,436.8,-6.4,47.2,1.0,7.5
6914,436.5,-6.4,47.4,1.1,5.8
6919,436.3,-6.4,47.5,1.1,4.2
6923,436.0,-6.5,47.6,1.2,2.7
6928,435.8,-6.5,47.7,1.2,1.2
6932,435.5,-6.5,48.1,1.3,359.9
6937,435.3,-6.6,48.5,1.3,358.6
6941,435.0,-6.6,48.8,1.4,357.5
6946,434.8,-6.6,48.9,1.4,356.4
6950,434.5,-6.7,49.0,1.4,355.3
6954,434.3,-6.7,49.2,1.4,354.3
6959,434.0,-6.7,49.6,1.4,353.4
6963,433.8,-6.8,50.1,1.4,352.4
6967,433.6,-6.8,50.6,1.4,351.5
6971,433.4,-6.8,51.1,1.4,350.6
6975,433.1,-6.9,51.5,1.4,349.7
6979,432.9,-6.9,51.8,1.4,348.7
6983,432.7,-6.9,52.2,1.4,347.7
6988,432.4,-7.0,52.6,1.3,346.6
6993,432.2,-7.0,53.1,1.3,345.4
6997,431.9,-7.0,54.1,1.2,344.1
7002,431.6,-7.1,55.4,1.2,342.6
7008,431.3,-7.1,56.9,1.1,340.8
7013,431.0,-7.1,58.0,1.0,338.8
7018,430.8,-7.1,58.9,1.0,336.3
7023,430.5,-7.1,59.7,0.9,333.4
7028,430.2,-7.1,60.5,0.9,329.8
7033,429.9,-7.1,61.1,0.8,325.5
7038,429.7,-7.2,61.5,0.7,320.4
7042,429.4,-7.2,62.0,0.7,314.2
7047,429.2,-7.2,62.5,0.6,307.0
7051,428.9,-7.3,62.8,0.6,298.7
7055,428.7,-7.3,63.3,0.6,289.6
7059,428.5,-7.3,63.9,0.6,280.0
7064,428.2,-7.4,64.5,0.6,270.5
7068,428.0,-7.4,65.2,0.6,261.7
7073,427.7,-7.5,65.9,0.7,253.7
7078,427.5,-7.5,66.6,0.7,246.6
7082,427.2,-7.5,67.1,0.8,240.5
7087,427.0,-7.6,67.4,0.8,235.1
7092,426.7,-7.6,67.8,0.9,230.3
7097,426.4,-7.7,68.2,1.0,226.0
7102,426.1,-7.7,68.5,1.0,222.2
7107,425.9,-7.7,68.8,1.1,218.6
7112,425.6,-7.8,69.0,1.2,215.2
7116,425.3,-7.8,69.3,1.2,211.9
7121,425.1,-7.9,69.6,1.3,208.8
7126,424.8,-7.9,69.7,1.3,205.7
7130,424.6,-7.9,69.9,1.4,202.6
7135,424.3,-7.9,70.3,1.4,199.6
7139,424.1,-8.0,70.6,1.4,196.5
7144,423.8,-8.0,71.0,1.5,193.3
7149,423.6,-8.0,71.2,1.5,190.1
7154,423.3,-8.1,71.5,1.5,186.7
7159,423.0,-8.1,71.8,1.5,183.2
7165,422.7,-8.2,71.9,1.5,179.5
7170,422.4,-8.2,72.1,1.5,175.7
7175,422.2,-8.2,72.3,1.5,171.6
7180,421.9,-8.3,72.4,1.6,167.4
7185,421.6,-8.3,72.1,1.6,163.1
7191,421.3,-8.3,71.0,1.6,158.6
7196,421.0,-8.3,69.4,1.6,154.0
7201,420.7,-8.3,68.5,1.6,149.3
7206,420.5,-8.3,68.4,1.6,144.6
7211,420.2,-8.4,67.6,1.7,140.1
7216,419.9,-8.3,65.5,1.7,135.6
7221,419.7,-8.3,62.5,1.7,131.3
7226,419.4,-8.1,60.2,1.8,127.3
7230,419.2,-8.1,59.5,1.9,123.5
7235,418.9,-8.1,59.7,1.9,120.0
7239,418.7,-8.2,59.9,2.0,116.9
7243,418.5,-8.2,60.0,2.0,114.1
7247,418.3,-8.2,59.7,2.1,111.6
7250,418.1,-8.2,58.9,2.2,109.5
7254,417.9,-8.2,58.0,2.3,107.6
7258,417.6,-8.1,57.4,2.3,106.0
7263,417.4,-8.2,57.4,2.4,104.7
7267,417.2,-8.2,57.3,2.4,103.6
7272,416.9,-8.2,57.2,2.5,102.7
7277,416.6,-8.3,57.4,2.6,102.0
7283,416.3,-8.3,57.2,2.6,101.6
7288,416.0,-8.3,56.7,2.6,101.2
7294,415.8,-8.3,56.1,2.7,101.1
7299,415.5,-8.3,55.3,2.7,101.1
7304,415.2,-8.4,53.9,2.7,101.2
7309,414.9,-8.4,51.8,2.7,101.4
7314,414.7,-8.4,49.5,2.8,101.6
7319,414.4,-8.4,47.4,2.8,102.0
7324,414.1,-8.4,45.7,2.8,102.4
7329,413.9,-8.4,44.6,2.8,102.9
7333,413.6,-8.5,44.5,2.8,103.4
7338,413.4,-8.5,45.0,2.8,104.0
7343,413.1,-8.5,45.4,2.8,104.5
7349,412.8,-8.5,45.6,2.9,105.1
7354,412.5,-8.6,45.7,2.9,105.7
7360,412.2,-8.6,45.9,2.9,106.0
7365,411.9,-8.6,46.0,2.9,106.3
7371,411.6,-8.6,46.2,2.9,106.6
7376,411.4,-8.7,46.3,2.9,106.9
7382,411.1,-8.7,46.5,3.0,107.1
7387,410.8,-8.7,46.6,3.0,107.2
7393,410.5,-8.7,46.8,3.0,107.4
7398,410.2,-8.8,46.9,3.0,107.5
7404,409.9,-8.8,46.9,3.0,107.7
7409,409.6,-8.8,46.9,3.1,107.8
7414,409.3,-8.9,46.8,3.1,108.0
7420,409.1,-8.9,46.9,3.1,108.1
7425,408.8,-9.0,47.3,3.1,108.3
7430,408.5,-9.0,47.8,3.2,108.5
7435,408.2,-9.1,48.1,3.2,108.7
7440,408.0,-9.1,48.2,3.2,108.9
7445,407.7,-9.2,48.2,3.2,109.1
7450,407.5,-9.2,48.7,3.2,109.2
7455,407.2,-9.2,49.7,3.3,109.2
7459,407.0,-9.3,51.6,3.3,109.0
7464,406.7,-9.3,53.6,3.3,108.6
7468,406.5,-9.3,55.3,3.3,108.1
7473,406.3,-9.4,56.4,3.4,107.5
7477,406.0,-9.4,57.1,3.4,106.7
7482,405.8,-9.4,57.5,3.4,105.9
7487,405.5,-9.5,57.8,3.4,104.9
7491,405.3,-9.5,58.0,3.5,104.0
7496,405.0,-9.6,58.0,3.5,103.0
7501,404.8,-9.6,58.1,3.5,102.0
7506,404.5,-9.7,58.5,3.5,101.0
7510,404.3,-9.7,58.9,3.6,100.0
7515,404.0,-9.7,58.8,3.6,99.0
7520,403.8,-9.8,58.1,3.6,98.0
7525,403.5,-9.8,56.9,3.6,97.0
7529,403.3,-9.8,55.3,3.6,96.1
7534,403.0,-9.8,53.7,3.6,95.1
7539,402.8,-9.8,52.5,3.6,94.3
7543,402.6,-9.8,51.5,3.6,93.5
7548,402.3,-9.8,50.4,3.5,92.7
7552,402.1,-9.8,49.3,3.5,92.0
7556,401.9,-9.9,48.4,3.5,91.4
7560,401.7,-9.9,47.4,3.4,90.8
7564,401.5,-9.9,46.1,3.4,90.2
7569,401.2,-9.9,44.2,3.4,89.7
7573,401.0,-9.9,42.1,3.3,89.3
7577,400.8,-9.9,40.6,3.3,89.0
7582,400.6,-9.9,39.6,3.2,88.7
7586,400.3,-9.9,38.8,3.2,88.4
7590,400.1,-10.0,38.0,3.2,88.0
7595,399.9,-10.0,37.1,3.1,87.6
7599,399.7,-10.0,35.9,3.0,87.2
7604,399.4,-10.0,35.1,3.0,86.9
7608,399.2,-10.0,35.4,2.9,86.5
7612,399.0,-10.1,36.4,2.9,86.0
7617,398.7,-10.1,37.7,2.9,85.6
7622,398.5,-10.1,39.4,2.8,85.1
7626,398.3,-10.2,41.4,2.8,84.6
7631,398.0,-10.2,43.2,2.7,84.0
7635,397.8,-10.2,44.4,2.7,83.4
7640,397.6,-10.2,45.2,2.7,82.7
7644,397.3,-10.2,45.6,2.7,82.0
7649,397.1,-10.2,45.8,2.6,81.3
7653,396.9,-10.2,46.1,2.6,80.5
7657,396.7,-10.3,46.4,2.6,79.7
7662,396.4,-10.3,47.1,2.6,78.8
7666,396.2,-10.3,48.3,2.6,78.0
7670,396.0,-10.4,49.7,2.6,77.1
7674,395.8,-10.4,51.1,2.6,76.2
7678,395.6,-10.4,52.3,2.6,75.4
7682,395.4,-10.4,52.7,2.6,74.6
7686,395.2,-10.4,52.1,2.6,73.8
7690,395.0,-10.4,50.8,2.6,73.1
7694,394.7,-10.4,49.9,2.6,72.3
7699,394.5,-10.4,49.8,2.7,71.7
7703,394.3,-10.4,49.9,2.7,71.1
7708,394.1,-10.5,49.8,2.7,70.5
7712,393.8,-10.5,49.5,2.7,70.1
7717,393.6,-10.5,49.2,2.7,69.7
7722,393.3,-10.6,49.1,2.8,69.4
7727,393.1,-10.6,49.3,2.8,69.2
7732,392.8,-10.6,49.5,2.8,69.1
7737,392.6,-10.6,49.5,2.8,69.0
7742,392.3,-10.7,49.2,2.9,69.1
7747,392.0,-10.7,48.3,2.9,69.2
7753,391.8,-10.7,47.0,2.9,69.4
7758,391.5,-10.7,45.2,2.9,69.7
7763,391.2,-10.7,44.0,3.0,70.1
7769,391.0,-10.8,43.4,3.0,70.6
7774,390.7,-10.8,43.1,3.0,71.2
7779,390.4,-10.9,42.9,3.0,71.8
7784,390.2,-10.9,42.6,3.1,72.5
7789,389.9,-11.0,42.0,3.1,73.3
7794,389.7,-11.0,41.4,3.1,74.2
7799,389.4,-11.1,41.3,3.2,75.1
7803,389.2,-11.1,41.7,3.2,76.1
7808,389.0,-11.1,42.2,3.2,77.1
7812,388.8,-11.2,42.5,3.2,78.2
7817,388.5,-11.2,42.5,3.3,79.2
7822,388.3,-11.3,42.4,3.3,80.3
7827,388.0,-11.3,42.1,3.3,81.5
7832,387.7,-11.4,41.8,3.4,82.6
7837,387.5,-11.4,41.7,3.4,83.7
7842,387.2,-11.5,41.6,3.4,84.8
7847,387.0,-11.5,41.7,3.4,85.8
7852,386.7,-11.6,41.8,3.5,86.9
7857,386.5,-11.6,42.1,3.5,87.9
7862,386.2,-11.7,42.2,3.5,88.9
7867,386.0,-11.7,42.1,3.5,89.8
7871,385.8,-11.8,42.2,3.5,90.8
7876,385.5,-11.8,42.4,3.5,91.6
7880,385.3,-11.8,42.5,3.5,92.4
7885,385.1,-11.9,42.6,3.5,93.2
7890,384.8,-11.9,42.6,3.5,93.8
7895,384.6,-12.0,42.7,3.5,94.2
7900,384.3,-12.0,42.7,3.5,94.6
7905,384.1,-12.1,42.7,3.4,95.1
7910,383.8,-12.1,42.7,3.4,95.6
7915,383.5,-12.2,42.7,3.4,96.1
7921,383.3,-12.2,42.5,3.3,96.6
7926,383.0,-12.3,42.3,3.2,97.0
7931,382.8,-12.3,42.2,3.2,97.4
7936,382.5,-12.4,42.3,3.1,97.7
7941,382.3,-12.4,42.6,3.0,98.0
7945,382.0,-12.5,42.8,3.0,98.3
7950,381.8,-12.5,42.9,2.9,98.5
7954,381.6,-12.5,43.0,2.8,98.7
7959,381.4,-12.6,43.4,2.7,98.8
7963,381.2,-12.6,43.7,2.7,99.0
7968,380.9,-12.6,43.8,2.6,99.2
7972,380.7,-12.7,44.0,2.5,99.3
7977,380.5,-12.7,44.3,2.5,99.5
7982,380.2,-12.8,44.3,2.4,99.7
7987,380.0,-12.8,43.9,2.3,99.9
7992,379.7,-12.8,43.3,2.3,100.2
7998,379.4,-12.8,42.8,2.2,100.5
8003,379.2,-12.9,42.3,2.2,100.8
8008,378.9,-12.9,41.9,2.1,101.2
8013,378.7,-12.9,41.5,2.1,101.7
8018,378.4,-13.0,41.1,2.1,102.3
8023,378.2,-13.0,40.5,2.0,103.0
8027,378.0,-13.0,40.1,2.0,103.8
8032,377.7,-13.0,40.1,2.0,104.7
8038,377.5,-13.1,40.3,2.0,105.7
8043,377.2,-13.1,40.3,2.0,106.7
8048,376.9,-13.1,39.9,2.0,107.9
8053,376.7,-13.2,39.4,2.0,109.1
8058,376.4,-13.2,39.0,2.0,110.3
8064,376.2,-13.2,39.1,2.0,111.6
8069,375.9,-13.2,39.6,2.0,112.9
8075,375.6,-13.3,39.8,2.0,114.3
8080,375.3,-13.3,39.5,2.0,115.6
8086,375.1,-13.3,38.8,2.0,117.0
8092,374.8,-13.4,37.7,2.0,118.4
8098,374.5,-13.4,36.3,2.0,119.8
8103,374.2,-13.4,35.1,2.0,121.0
8109,373.9,-13.4,35.1,2.0,122.3
8114,373.7,-13.4,36.6,2.0,123.4
8120,373.4,-13.4,38.7,2.0,124.5
8125,373.2,-13.4,40.8,2.0,125.5
8130,372.9,-13.4,42.3,2.0,126.4
8135,372.7,-13.5,43.0,2.0,127.2
8140,372.4,-13.5,43.0,2.0,127.9
8146,372.1,-13.5,42.7,2.0,128.6
8151,371.9,-13.5,42.4,2.0,129.2
8157,371.6,-13.5,42.0,2.0,129.7
8163,371.3,-13.6,41.6,2.0,130.1
8169,371.0,-13.6,41.3,2.0,130.4
8175,370.7,-13.7,41.2,2.0,130.6
8181,370.4,-13.7,41.2,2.0,130.8
8186,370.1,-13.8,41.2,2.0,131.1
8192,369.9,-13.8,41.2,2.0,131.3
8198,369.6,-13.9,41.2,2.0,131.6
8203,369.3,-13.9,41.3,2.0,131.8
8208,369.1,-14.0,41.4,2.0,132.1
8214,368.8,-14.0,41.5,2.0,132.4
8219,368.6,-14.1,41.7,2.1,132.8
8225,368.3,-14.1,41.8,2.1,133.2
8230,368.0,-14.2,42.0,2.1,133.7
8235,367.8,-14.2,42.1,2.2,134.3
8240,367.5,-14.3,42.1,2.2,134.9
8246,367.3,-14.3,42.1,2.3,135.6
8251,367.0,-14.4,42.0,2.4,136.2
8256,366.8,-14.4,41.8,2.4,137.0
8262,366.5,-14.4,41.7,2.5,137.7
8267,366.2,-14.5,41.6,2.6,138.5
8273,365.9,-14.5,41.4,2.7,139.2
8279,365.7,-14.6,41.0,2.8,140.0
8285,365.4,-14.6,40.6,2.9,140.7
8290,365.1,-14.7,40.3,3.0,141.4
8296,364.8,-14.7,40.3,3.1,142.0
8302,364.5,-14.8,40.6,3.2,142.6
8308,364.3,-14.8,41.3,3.3,143.2
8314,364.0,-14.9,42.2,3.5,143.6
8319,363.7,-14.9,43.4,3.6,144.1
8325,363.4,-14.9,45.5,3.7,144.4
8331,363.2,-14.9,48.6,3.8,144.8
8336,362.9,-15.0,52.3,3.9,145.0
8342,362.6,-15.0,54.9,4.0,145.2
8348,362.3,-15.0,55.6,4.1,145.4
8354,362.1,-15.0,55.4,4.2,145.5
8360,361.8,-15.0,55.1,4.3,145.6
8366,361.5,-15.0,54.9,4.4,145.6
8372,361.2,-15.1,54.6,4.5,145.5
8377,360.9,-15.1,54.2,4.6,145.4
8383,360.7,-15.1,53.8,4.7,145.2
8389,360.4,-15.1,53.3,4.7,145.0
8394,360.1,-15.1,53.1,4.8,144.8
8400,359.9,-15.2,53.4,4.9,144.6
8405,359.6,-15.2,54.2,4.9,144.3
8410,359.4,-15.2,55.2,5.0,144.0
8415,359.2,-15.3,56.0,5.0,143.7
8419,358.9,-15.3,56.7,5.1,143.3
8424,358.7,-15.3,57.4,5.1,143.0
8429,358.5,-15.4,58.3,5.2,142.6
8435,358.2,-15.4,59.3,5.2,142.3
8440,358.0,-15.5,59.9,5.2,141.9
8445,357.7,-15.5,60.5,5.3,141.6
8450,357.5,-15.5,61.7,5.3,141.3
8456,357.2,-15.6,63.2,5.3,141.0
8461,357.0,-15.6,63.8,5.4,140.8
8466,356.7,-15.7,63.5,5.4,140.6
8471,356.5,-15.7,63.3,5.4,140.5
8477,356.2,-15.8,63.4,5.4,140.4
8482,356.0,-15.8,63.6,5.5,140.4
8487,355.7,-15.9,63.8,5.5,140.4
8492,355.5,-15.9,64.1,5.5,140.5
8498,355.2,-16.0,64.4,5.5,140.6
8503,355.0,-16.0,64.7,5.5,140.8
8508,354.7,-16.1,64.7,5.5,141.0
8514,354.5,-16.1,64.7,5.5,141.3
8519,354.2,-16.2,64.5,5.5,141.7
8524,354.0,-16.2,64.3,5.5,142.1
8530,353.7,-16.2,64.4,5.4,142.5
8535,353.5,-16.3,64.7,5.4,142.9
8540,353.2,-16.4,64.9,5.4,143.4
8546,353.0,-16.4,64.6,5.4,143.9
8551,352.7,-16.4,64.2,5.4,144.4
8556,352.5,-16.4,64.1,5.4,144.9
8562,352.2,-16.5,64.3,5.3,145.4
8567,352.0,-16.5,64.5,5.3,145.9
8572,351.7,-16.6,64.5,5.3,146.3
8577,351.5,-16.6,64.3,5.3,146.7
8582,351.3,-16.7,64.1,5.3,147.1
8587,351.0,-16.7,64.2,5.3,147.4
8592,350.8,-16.7,64.5,5.3,147.7
8598,350.5,-16.8,64.9,5.2,147.9
8603,350.3,-16.8,65.4,5.2,148.0
8609,350.0,-16.9,65.7,5.2,148.0
8614,349.8,-16.9,65.8,5.2,148.0
8620,349.5,-17.0,65.9,5.2,147.8
8625,349.3,-17.0,66.0,5.2,147.6
8631,349.0,-17.1,66.3,5.2,147.3
8636,348.7,-17.1,66.5,5.2,147.0
8642,348.5,-17.2,66.8,5.2,146.5
8648,348.2,-17.2,67.0,5.2,145.9
8654,347.9,-17.3,67.2,5.2,145.3
8659,347.7,-17.3,67.4,5.1,144.5
8666,347.4,-17.3,67.5,5.1,143.7
8672,347.1,-17.4,67.5,5.1,142.8
8678,346.8,-17.4,67.4,5.1,141.8
8684,346.5,-17.4,67.2,5.0,140.8
8689,346.3,-17.5,66.9,5.0,139.7
8695,346.0,-17.5,66.8,5.0,138.5
8700,345.8,-17.6,66.7,4.9,137.2
8705,345.5,-17.6,66.6,4.9,135.9
8710,345.3,-17.7,66.5,4.8,134.5
8715,345.1,-17.7,66.6,4.8,133.0
8720,344.9,-17.7,66.8,4.8,131.6
8725,344.6,-17.8,67.0,4.7,130.1
8730,344.4,-17.8,67.4,4.7,128.6
8735,344.2,-17.9,67.9,4.7,127.1
8740,343.9,-17.9,68.4,4.6,125.7
8746,343.7,-18.0,68.5,4.6,124.3
8752,343.4,-18.0,68.1,4.6,123.0
8757,343.1,-18.1,67.3,4.6,121.8
8763,342.9,-18.1,66.2,4.6,120.7
8769,342.6,-18.1,65.1,4.5,119.7
8775,342.3,-18.2,64.3,4.5,118.9
8781,342.1,-18.2,63.9,4.5,118.2
8787,341.8,-18.3,63.4,4.5,117.7
8793,341.5,-18.3,62.7,4.5,117.3
8799,341.3,-18.3,62.1,4.5,117.1
8805,341.0,-18.3,61.7,4.5,117.1
8811,340.7,-18.3,61.6,4.5,117.2
8817,340.4,-18.4,61.3,4.5,117.5
8823,340.2,-18.4,60.7,4.5,118.0
8829,339.9,-18.4,59.6,4.5,118.6
8835,339.6,-18.4,58.3,4.5,119.4
8841,339.3,-18.4,57.2,4.5,120.3
8846,339.1,-18.4,55.9,4.5,121.3
8852,338.8,-18.4,54.8,4.5,122.4
8858,338.6,-18.4,53.8,4.6,123.6
8864,338.3,-18.4,53.5,4.6,124.8
8869,338.0,-18.4,53.9,4.6,125.9
8875,337.8,-18.4,54.4,4.6,126.9
8880,337.5,-18.5,54.5,4.6,128.0
8886,337.3,-18.5,54.4,4.6,129.2
8891,337.0,-18.5,54.1,4.6,130.4
8897,336.8,-18.6,53.5,4.6,131.6
8902,336.6,-18.6,52.5,4.6,132.8
8907,336.3,-18.6,51.3,4.6,134.0
8912,336.1,-18.6,50.2,4.6,135.1
8918,335.9,-18.6,49.4,4.6,136.4
8923,335.6,-18.6,48.6,4.6,137.6
8928,335.4,-18.6,47.8,4.6,138.8
8933,335.2,-18.6,46.9,4.6,140.0
8938,334.9,-18.6,46.0,4.6,141.2
8943,334.7,-18.7,45.1,4.6,142.4
8949,334.5,-18.7,44.3,4.6,143.7
8954,334.2,-18.7,43.4,4.6,144.9
8959,334.0,-18.7,42.6,4.7,146.1
8964,333.8,-18.7,41.8,4.7,147.3
8969,333.6,-18.7,41.3,4.7,148.5
8974,333.3,-18.7,41.1,4.7,149.7
8979,333.1,-18.8,41.4,4.8,150.9
8984,332.9,-18.8,41.7,4.8,152.0
8988,332.7,-18.9,41.9,4.8,153.1
8993,332.5,-18.9,42.0,4.8,154.3
8998,332.2,-19.0,42.0,4.9,155.3
9003,332.0,-19.0,42.0,4.9,156.4
9008,331.8,-19.1,42.0,4.9,157.5
9013,331.6,-19.1,42.1,4.9,158.5
9019,331.3,-19.1,42.3,4.9,159.4
9024,331.1,-19.2,42.5,4.8,160.2
9029,330.9,-19.3,42.7,4.8,161.0
9034,330.6,-19.3,42.8,4.8,161.7
9040,330.4,-19.4,42.9,4.8,162.6
9045,330.2,-19.4,43.0,4.8,163.5
9051,329.9,-19.5,42.9,4.8,164.4
9056,329.7,-19.5,42.4,4.7,165.2
9062,329.4,-19.6,41.4,4.7,166.1
9067,329.2,-19.6,39.9,4.7,166.8
9072,329.0,-19.6,38.2,4.7,167.5
9077,328.7,-19.6,37.0,4.6,168.2
9083,328.5,-19.6,36.4,4.6,168.8
9088,328.3,-19.6,36.0,4.6,169.4
9093,328.0,-19.6,35.7,4.6,169.9
9099,327.8,-19.7,35.3,4.6,170.3
9104,327.5,-19.7,34.8,4.5,170.8
9110,327.3,-19.8,34.6,4.5,171.1
9115,327.1,-19.8,34.8,4.5,171.5
9120,326.8,-19.9,35.0,4.5,171.8
9125,326.6,-19.9,35.1,4.5,172.0
9131,326.4,-20.0,34.9,4.5,172.2
9136,326.2,-20.0,34.7,4.5,172.4
9141,325.9,-20.0,34.6,4.5,172.6
9145,325.7,-20.1,34.5,4.5,172.8
9150,325.5,-20.1,34.5,4.5,172.9
9155,325.3,-20.1,34.6,4.5,173.0
9160,325.1,-20.2,34.8,4.5,173.1
9165,324.9,-20.2,35.0,4.5,173.2
9170,324.6,-20.3,35.1,4.5,173.3
9176,324.4,-20.3,35.3,4.5,173.4
9181,324.2,-20.4,35.5,4.5,173.5
9186,323.9,-20.4,35.6,4.5,173.6
9192,323.7,-20.5,35.7,4.4,173.8
9197,323.5,-20.5,35.9,4.4,173.9
9203,323.2,-20.6,36.0,4.4,174.0
9209,323.0,-20.6,36.1,4.4,174.1
9214,322.7,-20.7,36.2,4.4,174.2
9220,322.5,-20.7,36.3,4.4,174.3
9226,322.2,-20.8,36.4,4.4,174.4
9231,322.0,-20.8,36.6,4.4,174.5
9237,321.7,-20.9,36.7,4.4,174.6
9243,321.5,-21.0,36.8,4.4,174.7
9248,321.2,-21.0,37.0,4.4,174.8
9254,321.0,-21.1,37.2,4.3,174.9
9259,320.8,-21.1,37.3,4.3,175.0
9264,320.5,-21.2,37.4,4.3,175.2
9269,320.3,-21.2,37.6,4.3,175.4
9274,320.1,-21.3,37.7,4.3,175.6
9279,319.9,-21.3,37.7,4.3,175.8
9283,319.7,-21.3,37.7,4.3,176.0
9288,319.5,-21.4,37.9,4.3,176.2
9292,319.3,-21.4,38.2,4.3,176.5
9297,319.1,-21.5,38.6,4.3,176.8
9302,318.9,-21.5,38.8,4.3,177.1
9306,318.7,-21.6,38.9,4.3,177.5
9311,318.5,-21.6,38.9,4.4,177.9
9316,318.3,-21.7,39.0,4.4,178.3
9320,318.1,-21.7,39.1,4.4,178.7
9325,317.9,-21.8,39.1,4.4,179.1
9330,317.7,-21.8,39.0,4.4,179.5
9334,317.5,-21.8,39.1,4.4,180.0
9339,317.3,-21.9,39.4,4.4,180.4
9344,317.1,-21.9,39.7,4.4,180.8
9348,316.9,-22.0,39.8,4.4,181.2
9354,316.7,-22.0,39.8,4.4,181.6
9359,316.4,-22.0,40.1,4.4,181.9
9365,316.2,-22.1,40.4,4.3,182.2
9370,316.0,-22.2,40.6,4.3,182.5
9376,315.7,-22.2,40.7,4.3,182.7
9383,315.4,-22.3,40.8,4.3,182.9
9389,315.2,-22.4,40.9,4.3,183.1
9395,314.9,-22.4,41.0,4.3,183.2
9400,314.7,-22.5,41.0,4.3,183.3
9406,314.4,-22.5,41.2,4.3,183.4
9412,314.2,-22.6,41.4,4.3,183.4
9417,314.0,-22.6,41.6,4.3,183.4
9422,313.7,-22.7,41.7,4.3,183.4
9427,313.5,-22.7,41.9,4.3,183.3
9432,313.3,-22.8,42.2,4.3,183.2
9437,313.1,-22.8,42.5,4.3,183.2
9442,312.9,-22.9,42.7,4.2,183.1
9447,312.7,-22.9,42.9,4.2,183.0
9451,312.5,-23.0,43.0,4.2,182.9
9456,312.3,-23.0,43.3,4.2,182.9
9461,312.1,-23.0,43.7,4.2,182.8
9466,311.9,-23.1,43.9,4.2,182.8
9471,311.6,-23.1,44.1,4.2,182.8
9476,311.4,-23.2,44.2,4.2,182.7
9482,311.2,-23.2,44.3,4.1,182.8
9487,311.0,-23.3,44.5,4.1,182.8
9492,310.8,-23.3,44.7,4.1,182.8
9496,310.6,-23.4,44.8,4.0,182.9
9501,310.4,-23.4,44.9,4.0,183.0
9506,310.2,-23.5,45.1,4.0,183.1
9510,310.0,-23.5,45.5,3.9,183.2
9515,309.8,-23.6,45.9,3.9,183.3
9520,309.6,-23.6,46.4,3.8,183.4
9525,309.4,-23.7,47.0,3.8,183.5
9530,309.1,-23.7,47.6,3.7,183.6
9535,308.9,-23.7,47.9,3.7,183.8
9541,308.7,-23.8,47.9,3.6,183.9
9546,308.5,-23.9,48.1,3.6,184.1
9552,308.2,-23.9,48.5,3.5,184.3
9558,308.0,-24.0,48.9,3.5,184.5
9564,307.7,-24.0,49.2,3.4,184.7
9569,307.5,-24.1,49.3,3.4,184.9
9575,307.2,-24.1,49.4,3.3,185.1
9581,307.0,-24.2,49.4,3.3,185.4
9587,306.8,-24.2,49.5,3.2,185.7
9592,306.5,-24.3,49.9,3.2,186.0
9598,306.3,-24.4,50.3,3.1,186.3
9603,306.1,-24.4,50.6,3.1,186.6
9609,305.8,-24.5,50.8,3.1,187.0
9614,305.6,-24.5,50.8,3.0,187.3
9619,305.4,-24.6,50.8,3.0,187.6
9624,305.2,-24.6,50.9,3.0,188.0
9629,305.0,-24.7,51.1,2.9,188.3
9634,304.8,-24.7,51.4,2.9,188.6
9639,304.6,-24.7,51.8,2.9,188.9
9644,304.4,-24.8,52.5,2.9,189.2
9649,304.1,-24.8,53.5,2.8,189.3
9655,303.9,-24.9,54.5,2.8,189.5
9661,303.6,-25.0,54.9,2.8,189.5
9667,303.4,-25.0,54.7,2.8,189.5
9673,303.2,-25.1,54.5,2.8,189.3
9678,302.9,-25.1,54.5,2.7,189.0
9684,302.7,-25.2,54.6,2.7,188.7
9690,302.4,-25.2,54.8,2.7,188.1
9695,302.2,-25.3,54.8,2.7,187.5
9701,302.0,-25.3,54.8,2.7,186.8
9706,301.7,-25.4,54.8,2.7,185.9
9712,301.5,-25.4,54.9,2.7,184.9
9718,301.3,-25.5,55.2,2.7,183.7
9724,301.0,-25.5,55.6,2.7,182.5
9730,300.8,-25.6,56.0,2.7,181.1
9736,300.5,-25.6,56.4,2.7,179.7
9742,300.3,-25.7,56.8,2.7,178.2
9748,300.0,-25.7,57.3,2.7,176.6
9754,299.8,-25.8,57.9,2.7,175.0
9760,299.5,-25.8,58.5,2.7,173.4
9766,299.3,-25.8,59.0,2.7,171.8
9772,299.0,-25.9,59.8,2.7,170.2
9778,298.8,-25.9,61.1,2.7,168.6
9783,298.6,-26.0,62.6,2.7,167.0
9789,298.3,-26.0,63.5,2.7,165.4
9794,298.1,-26.0,63.0,2.7,163.9
9799,297.9,-26.1,62.1,2.7,162.4
9804,297.7,-26.1,61.4,2.7,161.0
9809,297.5,-26.1,61.0,2.7,159.7
9813,297.3,-26.2,60.6,2.7,158.4
9818,297.1,-26.2,60.1,2.8,157.2
9823,296.9,-26.2,59.4,2.8,156.1
9827,296.7,-26.2,58.5,2.8,155.0
9832,296.5,-26.2,57.4,2.8,154.0
9837,296.3,-26.2,56.2,2.8,153.1
9842,296.1,-26.2,55.4,2.8,152.2
9847,295.9,-26.2,55.0,2.8,151.4
9853,295.7,-26.2,55.1,2.8,150.7
9858,295.5,-26.2,55.5,2.8,150.0
9863,295.3,-26.3,56.0,2.8,149.4
9869,295.1,-26.3,56.3,2.8,148.8
9874,294.8,-26.4,56.3,2.8,148.3
9880,294.6,-26.4,56.5,2.8,147.8
9886,294.4,-26.5,57.0,2.8,147.3
9892,294.1,-26.5,57.5,2.8,146.9
9898,293.8,-26.6,58.0,2.9,146.5
9905,293.6,-26.7,58.4,2.9,146.2
9911,293.3,-26.7,58.6,2.9,145.8
9917,293.1,-26.8,58.8,3.0,145.4
9923,292.9,-26.8,58.8,3.0,145.0
9928,292.6,-26.9,58.8,3.0,144.6
9934,292.4,-26.9,58.8,3.0,144.1
9940,292.2,-27.0,59.0,3.1,143.7
9945,291.9,-27.0,59.6,3.1,143.2
9951,291.7,-27.1,60.4,3.1,142.6
9957,291.5,-27.2,60.9,3.2,142.0
9962,291.3,-27.2,60.9,3.2,141.4
9967,291.1,-27.2,60.8,3.2,140.7
9973,290.8,-27.3,60.9,3.2,140.0
9978,290.6,-27.3,61.5,3.2,139.2
9983,290.4,-27.4,62.1,3.2,138.5
9988,290.2,-27.4,62.6,3.2,137.6
9994,290.0,-27.5,62.8,3.2,136.8
9999,289.8,-27.5,63.1,3.2,135.9
10005,289.5,-27.6,63.4,3.2,135.1
10010,289.3,-27.6,63.7,3.2,134.2
10016,289.1,-27.7,64.0,3.2,133.3
10021,288.9,-27.7,64.3,3.2,132.4
10027,288.6,-27.8,64.6,3.2,131.5
10033,288.4,-27.8,64.8,3.2,130.6
10038,288.2,-27.9,65.0,3.1,129.7
10044,288.0,-27.9,65.2,3.1,128.9
10049,287.8,-28.0,65.4,3.1,128.1
10054,287.5,-28.0,65.7,3.1,127.4
10060,287.3,-28.1,66.2,3.1,126.7
10065,287.1,-28.1,66.8,3.1,126.2
10070,286.9,-28.1,67.8,3.0,125.7
10075,286.7,-28.1,69.1,3.0,125.4
10081,286.5,-28.2,70.0,3.0,125.2
10087,286.3,-28.2,70.3,3.0,125.0
10092,286.0,-28.2,69.7,3.0,125.0
10098,285.8,-28.2,68.5,3.0,125.0
10104,285.6,-28.2,66.8,3.1,125.2
10110,285.3,-28.2,65.4,3.1,125.5
10115,285.1,-28.2,64.5,3.1,125.8
10121,284.9,-28.2,64.1,3.1,126.3
10126,284.7,-28.3,64.3,3.2,126.8
10131,284.5,-28.3,64.6,3.2,127.4
10136,284.3,-28.4,64.8,3.3,128.0
10141,284.1,-28.4,65.0,3.3,128.8
10147,283.9,-28.4,65.0,3.4,129.5
10152,283.7,-28.5,64.7,3.4,130.3
10157,283.5,-28.5,64.4,3.5,131.1
10162,283.3,-28.5,64.4,3.6,131.9
10168,283.0,-28.6,64.8,3.7,132.7
10173,282.8,-28.6,65.5,3.7,133.5
10179,282.6,-28.6,65.9,3.8,134.2
10185,282.4,-28.6,66.1,3.9,134.9
10191,282.1,-28.7,66.4,4.0,135.6
10197,281.9,-28.8,66.8,4.1,136.3
10203,281.7,-28.8,67.1,4.3,136.9
10209,281.4,-28.9,66.9,4.4,137.5
10215,281.2,-28.9,66.7,4.5,138.1
10221,280.9,-28.9,66.4,4.6,138.7
10227,280.7,-29.0,65.8,4.7,139.2
10233,280.5,-28.9,65.2,4.8,139.7
10238,280.3,-29.0,65.1,4.9,140.2
10243,280.1,-29.0,65.5,5.1,140.7
10249,279.9,-29.0,66.2,5.2,141.2
10254,279.6,-29.1,67.0,5.3,141.6
10260,279.4,-29.1,67.6,5.4,142.1
10265,279.2,-29.2,68.0,5.6,142.6
10271,279.0,-29.2,68.3,5.7,143.1
10277,278.8,-29.3,68.6,5.8,143.5
10283,278.5,-29.4,68.8,5.9,144.0
10289,278.3,-29.4,69.1,6.1,144.4
10295,278.0,-29.5,69.4,6.2,144.9
10301,277.8,-29.5,69.6,6.3,145.3
10307,277.6,-29.6,69.8,6.4,145.8
10313,277.4,-29.6,70.4,6.6,146.2
10318,277.1,-29.7,71.2,6.7,146.7
10324,276.9,-29.7,72.1,6.8,147.1
10330,276.7,-29.8,72.7,7.0,147.5
10336,276.5,-29.8,73.4,7.1,147.9
10342,276.2,-29.9,75.0,7.2,148.2
10348,276.0,-29.9,77.4,7.4,148.5
10355,275.7,-30.0,79.5,7.5,148.7
10361,275.5,-30.0,80.6,7.6,148.9
10368,275.2,-30.0,80.6,7.8,149.1
10374,275.0,-30.1,80.1,7.9,149.2
10380,274.7,-30.1,79.6,8.0,149.3
10386,274.5,-30.1,79.4,8.1,149.3
10392,274.3,-30.2,79.7,8.2,149.2
10398,274.1,-30.2,80.3,8.3,149.1
10403,273.9,-30.2,80.8,8.4,149.0
10409,273.6,-30.3,81.0,8.5,148.7
10414,273.4,-30.3,80.8,8.6,148.4
10420,273.2,-30.3,80.5,8.7,148.1
10426,273.0,-30.4,80.3,8.7,147.7
10432,272.8,-30.3,79.9,8.8,147.3
10438,272.5,-30.3,79.6,8.8,146.8
10444,272.3,-30.3,79.3,8.9,146.3
10450,272.1,-30.4,79.4,8.9,145.7
10456,271.8,-30.4,79.3,9.0,145.1
10462,271.6,-30.4,78.9,9.0,144.5
10469,271.3,-30.4,78.5,9.0,143.9
10475,271.1,-30.5,78.4,9.0,143.3
10482,270.9,-30.5,78.7,9.0,142.6
10488,270.6,-30.6,78.9,9.0,142.0
10494,270.4,-30.6,79.0,9.0,141.4
10500,270.1,-30.7,79.0,9.0,140.8
10506,269.9,-30.8,79.1,9.0,140.2
10512,269.7,-30.8,79.3,9.0,139.7
10518,269.5,-30.9,79.4,9.0,139.2
10524,269.2,-30.9,79.5,9.0,138.8
10530,269.0,-30.9,79.4,8.9,138.4
10536,268.8,-31.0,79.4,8.9,138.1
10542,268.6,-31.0,79.5,8.9,137.9
10548,268.3,-31.0,79.7,8.9,137.7
10554,268.1,-31.1,79.8,8.9,137.5
10560,267.9,-31.1,79.9,8.8,137.4
10566,267.7,-31.1,79.8,8.8,137.4
10572,267.4,-31.2,79.4,8.8,137.4
10578,267.2,-31.2,78.8,8.8,137.5
10584,267.0,-31.2,78.6,8.8,137.6
10590,266.7,-31.2,78.9,8.7,137.7
10597,266.5,-31.2,79.5,8.7,137.9
10603,266.3,-31.3,80.2,8.7,138.0
10609,266.0,-31.3,80.6,8.7,138.2
10615,265.8,-31.4,80.8,8.7,138.4
10621,265.6,-31.5,81.2,8.7,138.6
10627,265.4,-31.5,81.6,8.6,138.8
10633,265.1,-31.6,82.0,8.6,139.0
10638,264.9,-31.6,82.1,8.6,139.1
10644,264.7,-31.7,81.9,8.6,139.2
10649,264.5,-31.7,81.8,8.6,139.3
10655,264.3,-31.8,81.8,8.6,139.3
10660,264.1,-31.8,81.9,8.6,139.4
10665,263.9,-31.8,82.2,8.7,139.4
10671,263.7,-31.9,82.6,8.7,139.3
10676,263.5,-31.9,83.3,8.7,139.3
10682,263.3,-32.0,83.7,8.7,139.2
10688,263.1,-32.0,83.8,8.8,139.1
10693,262.9,-32.1,83.8,8.8,138.9
10699,262.7,-32.2,83.7,8.9,138.8
10705,262.4,-32.2,83.7,8.9,138.6
10711,262.2,-32.2,83.6,8.9,138.5
10716,262.0,-32.3,83.6,9.0,138.3
10722,261.8,-32.3,83.5,9.1,138.2
10728,261.6,-32.4,83.1,9.1,138.1
10733,261.4,-32.5,82.6,9.2,138.0
10739,261.2,-32.5,82.2,9.3,137.9
10745,261.0,-32.6,82.1,9.3,137.9
10751,260.7,-32.6,82.1,9.4,137.9
10757,260.5,-32.7,82.2,9.5,137.9
10763,260.3,-32.7,82.3,9.5,137.9
10768,260.1,-32.7,82.2,9.6,138.0
10774,259.9,-32.8,82.4,9.7,138.2
10780,259.7,-32.8,82.3,9.8,138.4
10785,259.5,-32.9,81.2,9.8,138.6
10791,259.3,-32.9,79.6,9.9,138.9
10796,259.1,-32.9,78.1,10.0,139.2
10802,258.9,-33.0,77.6,10.1,139.5
10807,258.7,-33.0,78.1,10.1,139.9
10812,258.5,-33.1,78.9,10.2,140.2
10818,258.3,-33.1,79.6,10.3,140.7
10823,258.1,-33.1,80.1,10.4,141.1
10829,257.9,-33.2,80.2,10.4,141.6
10835,257.6,-33.3,79.7,10.5,142.0
10841,257.4,-33.3,79.3,10.6,142.5
10847,257.2,-33.3,79.7,10.7,143.0
10854,256.9,-33.4,80.6,10.7,143.5
10861,256.7,-33.5,81.2,10.8,144.0
10868,256.4,-33.5,81.3,10.9,144.5
10875,256.2,-33.6,80.9,10.9,144.9
10882,255.9,-33.6,80.4,11.0,145.4
10889,255.7,-33.7,79.8,11.1,145.8
10895,255.4,-33.7,79.2,11.1,146.3
10901,255.2,-33.7,78.9,11.2,146.7
10908,255.0,-33.7,78.8,11.3,147.1
10914,254.8,-33.8,79.3,11.3,147.4
10920,254.6,-33.8,80.1,11.4,147.8
10926,254.3,-33.9,80.8,11.4,148.1
10932,254.1,-33.9,81.4,11.4,148.3
10938,253.9,-34.0,81.4,11.5,148.6
10944,253.7,-34.0,80.5,11.5,148.8
10949,253.5,-34.1,79.0,11.5,149.0
10955,253.3,-34.1,77.2,11.5,149.2
10961,253.1,-34.1,75.9,11.5,149.3
10967,252.9,-34.2,75.4,11.5,149.4
10972,252.6,-34.2,75.4,11.5,149.5
10979,252.4,-34.3,75.5,11.5,149.5
10985,252.2,-34.3,75.5,11.5,149.5
10991,252.0,-34.4,75.3,11.5,149.6
10998,251.7,-34.4,75.1,11.5,149.6
11004,251.5,-34.4,75.3,11.5,149.5
11011,251.3,-34.5,76.0,11.5,149.5
11017,251.0,-34.5,76.7,11.5,149.5
11023,250.8,-34.6,76.9,11.5,149.5
11029,250.6,-34.6,76.9,11.4,149.5
11035,250.4,-34.7,77.2,11.4,149.4
11041,250.2,-34.7,78.1,11.4,149.4
11047,250.0,-34.8,78.9,11.4,149.4
11052,249.8,-34.8,79.4,11.4,149.4
11058,249.6,-34.8,79.8,11.3,149.4
11064,249.4,-34.9,80.4,11.3,149.5
11069,249.2,-34.9,81.1,11.3,149.5
11075,249.0,-35.0,81.7,11.2,149.6
11081,248.8,-35.0,81.9,11.2,149.7
11086,248.6,-35.1,81.8,11.1,149.8
11092,248.3,-35.1,81.4,11.1,149.9
11098,248.1,-35.1,80.6,11.1,150.0
11103,248.0,-35.1,79.9,11.0,150.2
11109,247.8,-35.2,79.7,11.0,150.4
11114,247.6,-35.2,80.3,10.9,150.6
11120,247.4,-35.3,81.3,10.9,150.8
11126,247.2,-35.3,82.2,10.8,151.0
11131,247.0,-35.4,82.8,10.8,151.2
11137,246.7,-35.4,83.2,10.7,151.5
11143,246.5,-35.5,83.3,10.7,151.7
11149,246.3,-35.5,83.1,10.7,152.0
11155,246.1,-35.6,82.3,10.6,152.3
11160,245.9,-35.6,81.3,10.6,152.5
11166,245.7,-35.7,80.5,10.6,152.8
11172,245.5,-35.7,80.1,10.5,153.1
11178,245.3,-35.8,79.9,10.5,153.3
11183,245.1,-35.8,79.7,10.5,153.6
11189,244.9,-35.9,79.6,10.5,153.8
11194,244.7,-35.9,79.6,10.5,154.1
11199,244.5,-36.0,79.9,10.5,154.4
11205,244.4,-36.0,80.3,10.5,154.6
11210,244.2,-36.0,80.8,10.5,154.9
11215,244.0,-36.1,81.1,10.5,155.2
11220,243.8,-36.1,81.3,10.6,155.5
11226,243.6,-36.2,81.7,10.6,155.7
11231,243.4,-36.2,82.2,10.6,156.0
11236,243.3,-36.3,83.2,10.7,156.3
11242,243.1,-36.3,84.4,10.7,156.6
11247,242.9,-36.4,85.5,10.8,156.8
11252,242.7,-36.4,86.3,10.8,157.1
11258,242.5,-36.4,86.7,10.9,157.4
11263,242.3,-36.5,87.1,10.9,157.6
11269,242.1,-36.5,87.3,11.0,157.9
11275,241.9,-36.6,86.9,11.0,158.1
11281,241.7,-36.6,86.1,11.1,158.3
11287,241.5,-36.7,85.4,11.2,158.5
11292,241.3,-36.7,85.1,11.2,158.7
11298,241.1,-36.8,84.5,11.3,158.8
11304,240.9,-36.8,83.3,11.4,158.9
11309,240.7,-36.8,81.4,11.4,159.0
11315,240.5,-36.8,79.2,11.5,159.1
11320,240.3,-36.9,77.4,11.6,159.2
11326,240.1,-36.9,76.1,11.6,159.2
11331,239.9,-36.9,75.6,11.7,159.2
11337,239.7,-36.9,75.5,11.8,159.1
11343,239.5,-37.0,75.6,11.8,159.1
11348,239.3,-37.0,75.9,11.9,159.0
11354,239.2,-37.1,76.5,11.9,158.9
11360,239.0,-37.1,77.1,12.0,158.8
11365,238.8,-37.2,77.8,12.0,158.6
11371,238.6,-37.2,78.5,12.1,158.5
11376,238.4,-37.3,79.0,12.1,158.3
11381,238.2,-37.3,79.0,12.1,158.2
11387,238.0,-37.3,78.5,12.2,158.0
11392,237.8,-37.4,77.0,12.2,157.9
11397,237.7,-37.4,74.2,12.2,157.8
11402,237.5,-37.4,69.9,12.2,157.7
11408,237.3,-37.4,64.8,12.2,157.6
11413,237.1,-37.4,60.2,12.2,157.5
11418,237.0,-37.5,57.9,12.2,157.5
11422,236.8,-37.5,58.0,12.2,157.4
11427,236.6,-37.5,59.6,12.2,157.4
11431,236.5,-37.5,61.7,12.2,157.5
11436,236.3,-37.5,63.6,12.2,157.5
11440,236.2,-37.6,65.2,12.2,157.6
11445,236.0,-37.6,66.2,12.2,157.7
11450,235.9,-37.6,66.9,12.2,157.9
11455,235.7,-37.7,67.3,12.1,158.0
11460,235.5,-37.7,67.4,12.1,158.2
11465,235.3,-37.7,67.4,12.1,158.4
11471,235.1,-37.8,67.6,12.1,158.6
11477,234.9,-37.8,68.0,12.1,158.8
11483,234.7,-37.9,68.5,12.0,159.0
11489,234.5,-38.0,68.9,12.0,159.2
11495,234.3,-38.0,68.9,12.0,159.5
11501,234.1,-38.1,68.6,12.0,159.7
11507,233.9,-38.1,68.3,12.0,159.9
11513,233.7,-38.2,68.1,12.0,160.1
11520,233.5,-38.2,68.0,12.0,160.3
11526,233.3,-38.3,68.0,12.1,160.4
11532,233.0,-38.3,67.9,12.1,160.6
11539,232.8,-38.4,67.8,12.1,160.7
11545,232.6,-38.5,67.6,12.1,160.9
11551,232.4,-38.5,66.9,12.1,161.0
11557,232.2,-38.6,65.9,12.2,161.0
11563,232.0,-38.6,64.6,12.2,161.1
11569,231.8,-38.7,63.4,12.2,161.2
11575,231.6,-38.7,62.5,12.3,161.3
11581,231.4,-38.8,62.1,12.3,161.3
11586,231.2,-38.8,62.2,12.3,161.4
11592,231.0,-38.9,62.6,12.4,161.5
11597,230.8,-38.9,63.0,12.4,161.5
11603,230.7,-39.0,63.3,12.4,161.6
11608,230.5,-39.0,63.5,12.4,161.7
11613,230.3,-39.0,63.9,12.5,161.7
11619,230.1,-39.1,64.5,12.5,161.8
11624,230.0,-39.1,65.0,12.5,161.9
11630,229.8,-39.2,65.5,12.5,162.1
11635,229.6,-39.2,65.7,12.6,162.2
11641,229.4,-39.3,65.9,12.6,162.4
11646,229.2,-39.3,66.1,12.6,162.6
11652,229.0,-39.4,66.4,12.6,162.8
11657,228.8,-39.4,66.8,12.6,163.0
11663,228.6,-39.5,67.0,12.6,163.2
11668,228.5,-39.6,67.0,12.6,163.5
11674,228.3,-39.6,66.8,12.6,163.7
11680,228.1,-39.6,66.9,12.7,164.0
11686,227.9,-39.7,67.5,12.7,164.3
11692,227.7,-39.7,68.3,12.7,164.6
11698,227.5,-39.8,69.1,12.7,164.9
11704,227.3,-39.9,69.4,12.7,165.2
11711,227.1,-39.9,69.5,12.8,165.5
11717,226.8,-40.0,69.3,12.8,165.8
11723,226.6,-40.0,69.1,12.8,166.1
11730,226.4,-40.1,69.3,12.9,166.4
11736,226.2,-40.1,69.6,12.9,166.7
11742,226.0,-40.2,69.8,13.0,166.9
11747,225.8,-40.2,69.7,13.0,167.2
11753,225.6,-40.2,69.6,13.1,167.4
11759,225.5,-40.2,69.6,13.1,167.6
11764,225.3,-40.3,69.4,13.2,167.8
11769,225.1,-40.3,68.8,13.3,167.9
11775,224.9,-40.3,68.0,13.3,168.1
11780,224.8,-40.3,67.6,13.4,168.2
11786,224.6,-40.4,68.3,13.5,168.3
11791,224.4,-40.4,69.3,13.6,168.4
11796,224.2,-40.4,70.1,13.7,168.4
11801,224.1,-40.5,70.4,13.8,168.5
11806,223.9,-40.5,70.0,13.9,168.5
11811,223.7,-40.5,68.9,14.0,168.5
11817,223.6,-40.5,67.2,14.0,168.5
11822,223.4,-40.5,65.6,14.1,168.5
11827,223.2,-40.6,64.5,14.2,168.5
11832,223.0,-40.6,64.0,14.3,168.5
11838,222.9,-40.7,64.1,14.4,168.5
11843,222.7,-40.7,64.2,14.5,168.5
11849,222.5,-40.8,64.5,14.6,168.5
11855,222.3,-40.8,64.8,14.7,168.5
11860,222.1,-40.9,64.9,14.8,168.5
11866,221.9,-40.9,64.4,14.8,168.5
11871,221.8,-41.0,63.4,14.9,168.5
11877,221.6,-41.0,62.1,15.0,168.5
11883,221.4,-41.1,60.7,15.0,168.5
11889,221.2,-41.1,59.4,15.1,168.6
11895,221.0,-41.1,58.7,15.2,168.6
11901,220.8,-41.2,58.2,15.2,168.6
11908,220.6,-41.2,57.9,15.3,168.7
11914,220.4,-41.3,57.4,15.3,168.8
11920,220.2,-41.3,57.1,15.3,168.8
11926,220.0,-41.4,57.1,15.4,168.9
11932,219.8,-41.4,57.7,15.4,169.0
11938,219.6,-41.5,58.4,15.5,169.1
11944,219.4,-41.5,58.9,15.5,169.2
11949,219.2,-41.6,59.2,15.5,169.4
11955,219.0,-41.6,59.1,15.6,169.5
11961,218.9,-41.6,58.7,15.6,169.6
11967,218.7,-41.7,58.3,15.6,169.8
11973,218.5,-41.7,58.2,15.6,169.9
11979,218.3,-41.8,58.4,15.6,170.1
11986,218.1,-41.8,58.6,15.7,170.2
11992,217.8,-41.9,58.9,15.7,170.4
11999,217.6,-41.9,59.1,15.7,170.6
12006,217.4,-42.0,59.3,15.7,170.7
12013,217.2,-42.1,59.6,15.7,170.9
12021,216.9,-42.1,60.2,15.7,171.0
12028,216.7,-42.2,60.8,15.7,171.2
12036,216.4,-42.3,61.6,15.7,171.3
12044,216.2,-42.4,62.2,15.7,171.4
12051,216.0,-42.5,62.6,15.7,171.5
12059,215.7,-42.5,62.7,15.7,171.6
12065,215.5,-42.6,62.4,15.7,171.7
12072,215.3,-42.6,61.9,15.7,171.7
12078,215.1,-42.7,61.6,15.6,171.7
12084,214.9,-42.7,61.6,15.6,171.7
12089,214.7,-42.8,61.9,15.6,171.7
12095,214.6,-42.8,62.5,15.6,171.7
12101,214.4,-42.9,63.2,15.5,171.6
12107,214.2,-43.0,63.9,15.5,171.5
12113,214.0,-43.0,64.5,15.5,171.4
12119,213.8,-43.1,64.9,15.4,171.3
12125,213.6,-43.1,65.2,15.4,171.2
12131,213.4,-43.2,65.3,15.3,171.0
12137,213.2,-43.3,65.3,15.3,170.9
12142,213.1,-43.3,65.1,15.3,170.7
12148,212.9,-43.3,64.8,15.2,170.5
12153,212.7,-43.4,64.4,15.2,170.3
12158,212.6,-43.4,64.1,15.1,170.1
12163,212.4,-43.5,64.0,15.0,170.0
12168,212.2,-43.5,64.1,15.0,169.8
12174,212.1,-43.6,64.1,14.9,169.6
12179,211.9,-43.6,64.1,14.9,169.5
12184,211.7,-43.7,64.0,14.8,169.3
12190,211.6,-43.7,64.1,14.8,169.2
12195,211.4,-43.8,64.2,14.7,169.1
12201,211.2,-43.8,64.4,14.6,169.0
12206,211.0,-43.9,64.6,14.6,169.0
12212,210.9,-43.9,64.8,14.5,169.0
12217,210.7,-44.0,64.9,14.5,169.0
12223,210.5,-44.0,65.0,14.4,169.0
12228,210.4,-44.1,65.3,14.4,169.0
12234,210.2,-44.1,65.6,14.3,169.1
12239,210.0,-44.1,66.0,14.3,169.1
12245,209.8,-44.2,66.4,14.3,169.2
12251,209.6,-44.3,66.9,14.2,169.3
12256,209.5,-44.3,67.2,14.2,169.4
12262,209.3,-44.4,67.3,14.1,169.5
12268,209.1,-44.4,67.3,14.1,169.6
12274,208.9,-44.5,67.2,14.1,169.8
12279,208.8,-44.5,67.2,14.1,169.9
12285,208.6,-44.6,67.2,14.0,170.1
12291,208.4,-44.6,67.4,14.0,170.3
12296,208.2,-44.7,67.6,14.0,170.5
12302,208.0,-44.7,67.8,14.0,170.6
12308,207.9,-44.8,68.0,14.0,170.8
12314,207.7,-44.8,68.1,14.0,170.9
12319,207.5,-44.9,68.3,14.0,171.1
12325,207.3,-44.9,68.4,14.1,171.3
12330,207.2,-45.0,68.6,14.1,171.5
12335,207.0,-45.0,68.7,14.1,171.7
12340,206.9,-45.1,68.7,14.1,171.9
12345,206.7,-45.1,68.7,14.2,172.1
12350,206.6,-45.1,68.8,14.2,172.3
12355,206.4,-45.2,68.9,14.2,172.4
12361,206.2,-45.2,68.8,14.3,172.6
12366,206.1,-45.3,68.6,14.3,172.8
12372,205.9,-45.3,68.4,14.3,172.9
12379,205.7,-45.4,68.3,14.4,173.1
12385,205.5,-45.4,68.4,14.4,173.2
12391,205.3,-45.5,68.4,14.4,173.4
12398,205.1,-45.6,68.3,14.4,173.5
12404,204.9,-45.6,68.0,14.4,173.7
12410,204.7,-45.7,67.4,14.5,173.8
12416,204.5,-45.7,66.6,14.5,174.0
12422,204.4,-45.8,65.9,14.5,174.1
12427,204.2,-45.8,65.3,14.5,174.3
12433,204.0,-45.9,65.2,14.5,174.5
12438,203.8,-45.9,65.2,14.5,174.6
12443,203.7,-46.0,65.5,14.5,174.8
12449,203.5,-46.0,65.8,14.4,174.9
12454,203.3,-46.1,66.2,14.4,175.1
12460,203.2,-46.1,66.5,14.4,175.3
12466,203.0,-46.1,66.8,14.4,175.5
12472,202.8,-46.2,67.1,14.4,175.7
12478,202.6,-46.3,67.5,14.4,175.9
12484,202.4,-46.3,67.8,14.3,176.1
12491,202.2,-46.4,68.1,14.3,176.3
12497,202.1,-46.4,68.2,14.3,176.5
12503,201.9,-46.5,68.2,14.3,176.8
12509,201.7,-46.5,68.0,14.3,177.0
12515,201.5,-46.6,67.7,14.2,177.3
12521,201.3,-46.7,67.4,14.2,177.6
12526,201.2,-46.7,67.1,14.2,177.8
12532,201.0,-46.7,66.7,14.2,178.1
12538,200.8,-46.8,66.4,14.2,178.4
12544,200.6,-46.8,66.3,14.2,178.8
12550,200.5,-46.9,66.3,14.2,179.1
12556,200.3,-47.0,66.5,14.1,179.4
12562,200.1,-47.0,66.7,14.1,179.8
12568,199.9,-47.1,66.9,14.1,180.1
12573,199.7,-47.1,67.1,14.1,180.4
12579,199.6,-47.2,67.3,14.1,180.7
12584,199.4,-47.2,67.4,14.1,180.9
12589,199.2,-47.3,67.6,14.1,181.2
12594,199.1,-47.3,67.6,14.1,181.6
12599,199.0,-47.4,67.6,14.1,181.9
12604,198.8,-47.4,67.6,14.1,182.3
12609,198.7,-47.5,67.6,14.1,182.6
12614,198.5,-47.5,67.6,14.0,182.9
12620,198.3,-47.6,67.7,14.0,183.3
12625,198.2,-47.6,67.7,14.0,183.6
12631,198.0,-47.7,67.5,14.0,183.9
12637,197.8,-47.7,67.1,14.0,184.1
12643,197.6,-47.8,66.6,14.0,184.4
12649,197.5,-47.8,66.2,14.0,184.6
12655,197.3,-47.9,65.8,14.0,184.8
12661,197.1,-47.9,65.6,14.0,185.0
12667,196.9,-48.0,65.5,14.0,185.1
12672,196.8,-48.1,65.3,14.0,185.2
12678,196.6,-48.1,64.9,14.0,185.3
12683,196.4,-48.1,64.3,14.0,185.4
12688,196.3,-48.2,63.7,14.0,185.4
12693,196.1,-48.2,63.1,14.0,185.4
12699,196.0,-48.3,62.6,14.0,185.4
12704,195.8,-48.3,62.2,14.0,185.4
12710,195.6,-48.4,61.9,14.0,185.4
12715,195.5,-48.4,61.8,14.0,185.4
12721,195.3,-48.5,61.8,14.0,185.3
12727,195.1,-48.5,61.9,14.0,185.3
12732,195.0,-48.6,61.9,14.0,185.2
12738,194.8,-48.6,61.9,14.0,185.2
12744,194.6,-48.7,62.0,14.0,185.1
12750,194.5,-48.7,62.2,14.0,185.1
12755,194.3,-48.8,62.5,14.0,185.0
12761,194.1,-48.8,62.8,14.0,184.9
12767,194.0,-48.9,62.9,14.0,184.9
12772,193.8,-48.9,63.0,13.9,184.8
12778,193.6,-49.0,62.9,13.9,184.8
12784,193.5,-49.0,62.6,13.9,184.8
12789,193.3,-49.1,62.3,13.8,184.7
12795,193.1,-49.1,62.0,13.8,184.7
12801,192.9,-49.2,61.7,13.7,184.7
12807,192.8,-49.2,61.2,13.7,184.7
12812,192.6,-49.3,60.8,13.6,184.7
12818,192.4,-49.3,60.3,13.6,184.7
12824,192.3,-49.4,59.7,13.5,184.7
12829,192.1,-49.4,59.0,13.4,184.6
12835,192.0,-49.5,58.2,13.4,184.6
12840,191.8,-49.5,57.6,13.3,184.6
12845,191.6,-49.6,56.9,13.3,184.6
12851,191.5,-49.6,56.3,13.2,184.6
12857,191.3,-49.6,55.7,13.2,184.6
12862,191.2,-49.7,55.4,13.1,184.6
12868,191.0,-49.7,55.2,13.1,184.6
12874,190.8,-49.8,55.2,13.0,184.7
12879,190.7,-49.9,55.4,13.0,184.7
12885,190.5,-49.9,55.7,13.0,184.7
12890,190.3,-50.0,55.8,12.9,184.8
12896,190.2,-50.0,55.7,12.9,184.8
12901,190.0,-50.1,55.5,12.9,184.8
12907,189.9,-50.1,55.3,12.9,184.9
12912,189.7,-50.2,55.1,12.9,184.9
12917,189.6,-50.2,54.8,12.8,185.0
12922,189.4,-50.2,54.4,12.8,185.1
12928,189.2,-50.3,54.1,12.8,185.2
12933,189.1,-50.3,53.9,12.8,185.3
12939,188.9,-50.4,53.7,12.8,185.4
12945,188.8,-50.4,53.6,12.8,185.6
12950,188.6,-50.4,53.4,12.8,185.7
12956,188.4,-50.5,53.3,12.7,185.8
12962,188.3,-50.5,53.1,12.7,186.0
12968,188.1,-50.6,52.9,12.7,186.2
12973,187.9,-50.6,52.6,12.7,186.4
12979,187.8,-50.7,52.4,12.6,186.6
12984,187.6,-50.7,52.2,12.6,186.7
12990,187.4,-50.8,52.0,12.6,186.9
12996,187.3,-50.8,51.9,12.6,187.0
13002,187.1,-50.9,52.0,12.5,187.2
13008,186.9,-50.9,51.8,12.5,187.4
13015,186.7,-51.0,51.7,12.4,187.6
13022,186.5,-51.0,51.7,12.3,187.8
13029,186.3,-51.1,51.7,12.3,188.0
13036,186.1,-51.2,51.8,12.2,188.2
13043,185.9,-51.2,51.9,12.1,188.4
13049,185.7,-51.3,52.0,12.0,188.6
13056,185.6,-51.3,52.2,11.9,188.7
13062,185.4,-51.4,52.3,11.8,188.8
13068,185.2,-51.5,52.3,11.7,188.9
13073,185.1,-51.5,52.3,11.6,189.0
13078,184.9,-51.6,52.2,11.4,189.1
13084,184.8,-51.6,52.2,11.3,189.1
13089,184.6,-51.6,52.2,11.2,189.1
13094,184.5,-51.7,52.2,11.1,189.1
13100,184.3,-51.7,52.2,11.0,189.1
13106,184.1,-51.8,52.3,10.8,189.0
13111,184.0,-51.8,52.6,10.7,188.9
13117,183.8,-51.9,53.0,10.6,188.8
13123,183.6,-52.0,53.6,10.5,188.6
13129,183.5,-52.0,54.3,10.4,188.5
13135,183.3,-52.1,54.7,10.3,188.3
13141,183.1,-52.1,55.0,10.2,188.0
13147,183.0,-52.2,55.1,10.1,187.8
13153,182.8,-52.2,55.1,10.0,187.6
13159,182.6,-52.3,55.1,10.0,187.3
13165,182.4,-52.4,55.0,9.9,187.0
13172,182.3,-52.4,54.5,9.8,186.8
13178,182.1,-52.5,53.8,9.8,186.5
13184,181.9,-52.5,53.0,9.7,186.2
13190,181.8,-52.6,52.2,9.7,186.0
13196,181.6,-52.6,51.5,9.6,185.7
13202,181.4,-52.7,50.8,9.6,185.5
13207,181.3,-52.7,49.9,9.5,185.2
13213,181.1,-52.8,48.9,9.5,185.0
13219,180.9,-52.8,48.0,9.5,184.7
13225,180.8,-52.9,47.5,9.4,184.6
13230,180.6,-53.0,47.5,9.4,184.4
13236,180.5,-53.0,47.6,9.4,184.2
13241,180.3,-53.0,47.7,9.4,184.1
13247,180.2,-53.1,47.7,9.3,184.0
13252,180.0,-53.1,47.6,9.3,183.8
13258,179.8,-53.2,47.5,9.3,183.7
13264,179.7,-53.2,47.6,9.3,183.6
13270,179.5,-53.3,47.6,9.3,183.6
13276,179.3,-53.4,47.7,9.3,183.5
13282,179.2,-53.4,48.1,9.3,183.4
13288,179.0,-53.5,48.5,9.2,183.3
13294,178.8,-53.5,48.8,9.2,183.3
13300,178.7,-53.6,49.0,9.2,183.2
13306,178.5,-53.7,49.0,9.2,183.1
13311,178.4,-53.7,48.9,9.2,183.1
13317,178.2,-53.8,48.5,9.2,183.0
13323,178.0,-53.8,48.0,9.3,182.9
13329,177.9,-53.9,47.4,9.3,182.8
13334,177.7,-53.9,46.9,9.3,182.7
13340,177.6,-54.0,46.4,9.3,182.5
13347,177.4,-54.0,46.1,9.3,182.4
13353,177.2,-54.1,46.0,9.3,182.2
13359,177.0,-54.2,46.0,9.3,182.0
13365,176.9,-54.2,46.1,9.3,181.8
13371,176.7,-54.3,46.2,9.3,181.6
13378,176.5,-54.3,46.2,9.3,181.3
13384,176.4,-54.4,46.0,9.3,181.1
13390,176.2,-54.4,45.8,9.3,180.8
13397,176.0,-54.5,45.5,9.3,180.5
13404,175.8,-54.5,45.2,9.3,180.1
13411,175.6,-54.6,45.1,9.3,179.8
13418,175.4,-54.7,45.2,9.2,179.4
13425,175.2,-54.8,45.4,9.2,179.0
13432,175.0,-54.8,45.7,9.2,178.6
13438,174.9,-54.9,46.0,9.1,178.1
13445,174.7,-54.9,46.2,9.1,177.6
13452,174.5,-55.0,46.3,9.0,177.1
13458,174.3,-55.1,46.4,8.9,176.5
13464,174.1,-55.1,46.5,8.9,176.0
13471,174.0,-55.2,46.5,8.8,175.4
13477,173.8,-55.2,46.4,8.7,174.7
13483,173.6,-55.3,46.2,8.7,174.1
13489,173.5,-55.4,45.9,8.6,173.4
13495,173.3,-55.4,45.5,8.5,172.7
13501,173.1,-55.5,45.1,8.5,172.0
13507,173.0,-55.5,44.8,8.4,171.2
13513,172.8,-55.6,44.5,8.4,170.5
13519,172.7,-55.6,44.3,8.3,169.7
13525,172.5,-55.7,44.0,8.3,168.9
13531,172.3,-55.7,43.7,8.2,168.1
13537,172.2,-55.8,43.4,8.2,167.4
13543,172.0,-55.8,43.1,8.2,166.6
13549,171.8,-55.9,42.9,8.2,165.9
13555,171.7,-56.0,42.8,8.2,165.2
13561,171.5,-56.0,42.9,8.2,164.5
13568,171.3,-56.1,42.9,8.2,163.8
13574,171.2,-56.1,43.0,8.2,163.2
13581,171.0,-56.2,43.0,8.2,162.6
13588,170.8,-56.2,42.9,8.2,162.0
13595,170.6,-56.3,42.8,8.3,161.5
13602,170.4,-56.3,42.6,8.3,161.0
13609,170.2,-56.4,42.5,8.3,160.6
13616,170.1,-56.5,42.5,8.4,160.1
13623,169.9,-56.5,42.5,8.4,159.8
13630,169.7,-56.6,42.5,8.4,159.5
13637,169.5,-56.6,42.6,8.5,159.2
13644,169.3,-56.7,42.6,8.5,158.9
13651,169.1,-56.8,42.8,8.6,158.7
13658,168.9,-56.8,42.9,8.6,158.6
13665,168.7,-56.9,43.1,8.7,158.4
13672,168.6,-56.9,43.3,8.7,158.3
13678,168.4,-57.0,43.4,8.7,158.2
13685,168.2,-57.0,43.5,8.7,158.1
13692,168.0,-57.1,43.5,8.8,158.1
13699,167.8,-57.1,43.4,8.8,158.1
13707,167.6,-57.2,43.1,8.8,158.0
13714,167.4,-57.2,42.9,8.8,158.0
13721,167.2,-57.3,42.7,8.9,158.0
13729,167.0,-57.4,42.5,8.9,158.1
13736,166.9,-57.5,42.4,8.9,158.2
13743,166.7,-57.5,42.3,8.9,158.2
13750,166.5,-57.6,42.3,8.9,158.3
13756,166.3,-57.7,42.3,8.9,158.4
13763,166.2,-57.7,42.3,8.9,158.5
13769,166.0,-57.8,42.3,8.9,158.6
13775,165.8,-57.8,42.3,9.0,158.7
13780,165.7,-57.9,42.3,9.0,158.8
13786,165.5,-57.9,42.3,9.0,158.9
13791,165.4,-58.0,42.2,9.0,159.1
13797,165.3,-58.0,42.2,9.0,159.2
13802,165.1,-58.0,42.1,9.0,159.3
13808,165.0,-58.1,42.1,9.0,159.5
13814,164.8,-58.1,42.1,9.1,159.6
13820,164.7,-58.2,42.1,9.1,159.7
13826,164.5,-58.2,42.2,9.1,159.8
13832,164.3,-58.3,42.3,9.1,159.9
13839,164.1,-58.4,42.5,9.2,160.0
13846,164.0,-58.4,42.8,9.2,160.1
13853,163.8,-58.5,43.2,9.2,160.1
13860,163.6,-58.5,43.6,9.2,160.2
13867,163.4,-58.6,44.1,9.3,160.2
13874,163.2,-58.7,44.5,9.3,160.3
13882,163.0,-58.8,45.0,9.3,160.3
13889,162.9,-58.8,45.4,9.4,160.3
13895,162.7,-58.9,45.8,9.4,160.4
13902,162.5,-59.0,46.1,9.4,160.4
13909,162.3,-59.0,46.4,9.5,160.4
13915,162.2,-59.1,46.6,9.5,160.4
13922,162.0,-59.1,46.7,9.5,160.4
13928,161.8,-59.2,46.5,9.6,160.5
13934,161.7,-59.2,46.3,9.6,160.5
13940,161.5,-59.3,45.9,9.7,160.6
13946,161.4,-59.3,45.5,9.7,160.6
13952,161.2,-59.4,45.0,9.7,160.7
13958,161.1,-59.5,44.5,9.7,160.7
13964,160.9,-59.5,43.9,9.8,160.8
13970,160.7,-59.6,43.2,9.8,160.9
13977,160.6,-59.6,42.5,9.8,161.1
13983,160.4,-59.7,41.7,9.9,161.2
13990,160.2,-59.8,40.9,9.9,161.4
13996,160.1,-59.8,40.1,9.9,161.5
14003,159.9,-59.9,39.5,9.9,161.6
14010,159.7,-59.9,38.9,9.9,161.8
14016,159.6,-60.0,38.4,9.9,162.0
14023,159.4,-60.0,37.9,9.9,162.3
14029,159.2,-60.0,37.3,10.0,162.6
14036,159.1,-60.1,36.8,10.0,162.8
14043,158.9,-60.1,36.2,10.0,163.0
14049,158.7,-60.1,35.8,10.0,163.2
14056,158.6,-60.2,35.4,10.0,163.4
14063,158.4,-60.3,35.2,9.9,163.7
14069,158.2,-60.3,35.2,9.9,163.9
14076,158.1,-60.4,35.2,9.9,164.2
14082,157.9,-60.4,35.2,9.9,164.4
14088,157.7,-60.5,35.1,9.9,164.7
14094,157.6,-60.5,35.1,9.9,164.9
14100,157.4,-60.5,35.1,9.9,165.0
14106,157.3,-60.5,35.0,9.8,165.2
14112,157.1,-60.6,35.1,9.8,165.3
14119,157.0,-60.6,35.1,9.8,165.3
14125,156.8,-60.6,35.1,9.8,165.3
14132,156.6,-60.6,35.1,9.7,165.3
14139,156.4,-60.7,35.2,9.7,165.3
14147,156.3,-60.8,35.4,9.7,165.2
14154,156.1,-60.8,35.6,9.6,165.1
14161,155.9,-60.9,35.8,9.6,165.0
14168,155.7,-60.9,36.0,9.6,164.9
14175,155.6,-61.0,36.4,9.5,164.8
14182,155.4,-61.0,36.7,9.5,164.6
14188,155.2,-61.1,37.1,9.5,164.5
14195,155.1,-61.2,37.5,9.5,164.3
14201,154.9,-61.2,37.9,9.4,164.1
14208,154.7,-61.3,38.1,9.4,163.9
14215,154.5,-61.3,38.3,9.4,163.6
14223,154.4,-61.4,38.4,9.3,163.4
14230,154.2,-61.5,38.5,9.3,163.1
14238,154.0,-61.5,38.6,9.2,162.8
14246,153.8,-61.6,38.8,9.2,162.5
14253,153.6,-61.7,39.0,9.2,162.3
14261,153.4,-61.8,39.3,9.2,162.1
14268,153.2,-61.8,39.6,9.2,161.9
14276,153.0,-61.9,39.9,9.1,161.7
14283,152.9,-61.9,40.2,9.1,161.4
14290,152.7,-62.0,40.4,9.1,161.2
14297,152.5,-62.1,40.7,9.1,160.9
14304,152.4,-62.2,40.9,9.0,160.7
14311,152.2,-62.2,41.1,9.0,160.5
14318,152.0,-62.3,41.2,9.0,160.3
14325,151.8,-62.3,41.2,9.0,160.1
14332,151.6,-62.4,41.2,9.0,160.0
14340,151.5,-62.5,41.3,9.0,159.8
14347,151.3,-62.6,41.4,9.0,159.6
14354,151.1,-62.7,41.6,9.0,159.5
14360,151.0,-62.7,41.8,8.9,159.3
14367,150.8,-62.8,42.0,8.9,159.2
14373,150.6,-62.8,42.3,8.9,159.1
14380,150.5,-62.9,42.5,8.9,159.0
14386,150.3,-63.0,42.8,8.9,158.9
14392,150.2,-63.0,43.0,8.9,158.8
14399,150.0,-63.1,43.3,8.9,158.7
14405,149.9,-63.1,43.6,8.9,158.7
14411,149.7,-63.2,43.9,8.9,158.6
14417,149.6,-63.3,44.3,8.9,158.6
14423,149.4,-63.3,44.6,8.9,158.5
14429,149.3,-63.4,45.0,8.9,158.5
14435,149.1,-63.4,45.3,8.8,158.4
14440,149.0,-63.5,45.7,8.8,158.4
14446,148.9,-63.5,46.1,8.8,158.4
14452,148.7,-63.6,46.5,8.8,158.4
14457,148.6,-63.6,46.8,8.8,158.4
14463,148.4,-63.7,47.1,8.8,158.4
14469,148.3,-63.7,47.4,8.8,158.3
14476,148.1,-63.8,47.7,8.8,158.3
14482,148.0,-63.8,47.9,8.8,158.3
14489,147.8,-63.9,48.2,8.7,158.2
14496,147.7,-64.0,48.4,8.7,158.2
14503,147.5,-64.0,48.6,8.7,158.1
14511,147.3,-64.1,48.9,8.7,158.1
14518,147.1,-64.1,49.3,8.7,158.0
14526,146.9,-64.2,49.7,8.7,158.0
14533,146.8,-64.3,50.2,8.6,157.9
14541,146.6,-64.3,50.7,8.6,157.7
14548,146.4,-64.4,51.2,8.6,157.6
14555,146.2,-64.4,51.6,8.6,157.4
14562,146.1,-64.5,51.9,8.6,157.2
14569,145.9,-64.6,52.2,8.6,157.0
14576,145.7,-64.6,52.3,8.6,156.8
14583,145.6,-64.7,52.3,8.6,156.5
14590,145.4,-64.8,52.1,8.6,156.3
14597,145.2,-64.8,51.9,8.6,156.1
14604,145.1,-64.9,51.6,8.6,155.9
14612,144.9,-65.0,51.4,8.6,155.7
14620,144.7,-65.0,51.2,8.6,155.5
14627,144.5,-65.1,51.2,8.7,155.2
14635,144.3,-65.2,51.2,8.7,155.0
14644,144.1,-65.3,51.3,8.7,154.8
14652,143.9,-65.3,51.5,8.7,154.6
14660,143.7,-65.4,51.8,8.7,154.5
14668,143.6,-65.5,52.1,8.8,154.3
14676,143.4,-65.6,52.4,8.8,154.2
14683,143.2,-65.6,52.6,8.8,154.1
14691,143.0,-65.7,52.8,8.8,154.0
14698,142.8,-65.8,52.9,8.8,153.9
14705,142.7,-65.8,52.9,8.9,153.7
14712,142.5,-65.9,52.8,8.9,153.6
14719,142.3,-65.9,52.8,8.9,153.4
14727,142.2,-66.0,52.8,9.0,153.2
14734,142.0,-66.1,52.8,9.0,153.1
14741,141.8,-66.2,52.8,9.0,153.0
14748,141.7,-66.2,52.9,9.0,152.9
14755,141.5,-66.3,53.1,9.1,152.8
14762,141.3,-66.4,53.2,9.1,152.7
14769,141.2,-66.4,53.4,9.1,152.6
14776,141.0,-66.5,53.6,9.1,152.6
14782,140.9,-66.6,53.7,9.1,152.5
14789,140.7,-66.6,53.8,9.2,152.3
14795,140.6,-66.7,53.8,9.2,152.2
14802,140.4,-66.7,53.7,9.2,152.1
14808,140.3,-66.8,53.6,9.2,151.9
14815,140.1,-66.8,53.5,9.3,151.7
14821,140.0,-66.9,53.4,9.3,151.5
14828,139.8,-67.0,53.4,9.3,151.3
14834,139.7,-67.0,53.5,9.3,151.1
14841,139.5,-67.1,53.7,9.3,150.8
14847,139.4,-67.2,53.9,9.3,150.6
14853,139.2,-67.2,54.2,9.3,150.3
14860,139.1,-67.3,54.4,9.4,150.0
14866,138.9,-67.3,54.6,9.4,149.7
14872,138.8,-67.4,54.8,9.4,149.5
14878,138.7,-67.5,54.8,9.4,149.2
14884,138.5,-67.5,54.8,9.4,148.9
14890,138.4,-67.6,54.7,9.4,148.5
14896,138.3,-67.6,54.5,9.5,148.2
14901,138.1,-67.7,54.2,9.5,147.8
14908,138.0,-67.7,53.9,9.5,147.6
14914,137.8,-67.8,53.5,9.5,147.3
14920,137.7,-67.9,53.2,9.5,147.1
14927,137.5,-67.9,53.0,9.6,146.8
14933,137.4,-68.0,52.8,9.6,146.5
14940,137.2,-68.1,52.6,9.6,146.2
14947,137.1,-68.1,52.6,9.7,145.9
14953,136.9,-68.2,52.5,9.7,145.5
14960,136.8,-68.2,52.5,9.8,145.2
14967,136.6,-68.3,52.5,9.8,144.9
14975,136.4,-68.4,52.5,9.8,144.7
14982,136.3,-68.4,52.6,9.9,144.5
14990,136.1,-68.5,52.6,9.9,144.3
14998,135.9,-68.6,52.6,10.0,144.1
15005,135.7,-68.7,52.7,10.0,143.9
15013,135.6,-68.7,52.8,10.1,143.7
15021,135.4,-68.8,52.8,10.1,143.6
15028,135.2,-68.9,52.9,10.2,143.4
15036,135.1,-68.9,52.9,10.2,143.2
15043,134.9,-69.0,53.0,10.3,143.0
15051,134.7,-69.1,53.0,10.4,142.7
15058,134.6,-69.1,53.0,10.4,142.5
15065,134.4,-69.2,52.9,10.5,142.3
15073,134.2,-69.2,52.9,10.5,142.1
15080,134.1,-69.3,52.8,10.6,142.0
15087,133.9,-69.4,52.7,10.6,141.9
15094,133.8,-69.4,52.6,10.7,141.7
15100,133.6,-69.5,52.6,10.7,141.6
15107,133.5,-69.6,52.5,10.7,141.4
15113,133.3,-69.6,52.4,10.8,141.2
15120,133.2,-69.7,52.4,10.9,140.9
15126,133.0,-69.7,52.3,10.9,140.6
15132,132.9,-69.8,52.2,11.0,140.3
15139,132.7,-69.8,52.2,11.0,140.0
15145,132.6,-69.9,52.1,11.0,139.7
15152,132.5,-69.9,52.0,11.1,139.3
15159,132.3,-70.0,51.8,11.1,139.1
15166,132.1,-70.1,51.7,11.1,138.8
15172,132.0,-70.1,51.5,11.2,138.6
15179,131.9,-70.2,51.4,11.2,138.5
15186,131.7,-70.2,51.4,11.2,138.2
15192,131.6,-70.2,51.4,11.2,138.0
15199,131.4,-70.3,51.5,11.2,137.6
15206,131.3,-70.3,51.6,11.2,137.3
15213,131.1,-70.4,51.7,11.3,137.0
15220,131.0,-70.5,51.9,11.3,136.7
15227,130.8,-70.6,52.0,11.3,136.4
15234,130.6,-70.6,52.1,11.3,136.1
15241,130.5,-70.7,52.2,11.3,135.8
15248,130.3,-70.8,52.2,11.3,135.6
15256,130.2,-70.8,52.3,11.3,135.3
15263,130.0,-70.9,52.3,11.3,135.1
15270,129.9,-71.0,52.4,11.3,135.0
15276,129.7,-71.0,52.4,11.3,134.8
15283,129.6,-71.1,52.4,11.3,134.7
15290,129.4,-71.1,52.3,11.4,134.6
15296,129.3,-71.2,52.3,11.4,134.5
15303,129.1,-71.3,52.2,11.4,134.4
15309,129.0,-71.3,52.1,11.4,134.4
15316,128.8,-71.4,52.0,11.4,134.3
15322,128.7,-71.5,51.9,11.4,134.3
15328,128.6,-71.5,51.9,11.5,134.2
15334,128.4,-71.6,51.8,11.5,134.2
15340,128.3,-71.6,51.7,11.5,134.2
15346,128.2,-71.7,51.6,11.6,134.2
15353,128.0,-71.8,51.5,11.6,134.2
15359,127.9,-71.8,51.4,11.7,134.1
15365,127.8,-71.9,51.2,11.7,134.1
15371,127.6,-71.9,51.1,11.8,134.1
15377,127.5,-72.0,50.9,11.9,134.0
15383,127.4,-72.0,50.7,11.9,134.0
15390,127.2,-72.1,50.4,12.0,133.9
15396,127.1,-72.2,50.2,12.1,133.8
15402,127.0,-72.2,50.0,12.1,133.7
15409,126.8,-72.3,49.8,12.2,133.7
15415,126.7,-72.3,49.6,12.2,133.6
15421,126.6,-72.4,49.4,12.3,133.6
15428,126.4,-72.5,49.3,12.3,133.5
15434,126.3,-72.5,49.2,12.4,133.4
15440,126.2,-72.6,49.2,12.5,133.3
15446,126.0,-72.6,49.2,12.5,133.3
15452,125.9,-72.7,49.3,12.6,133.2
15458,125.8,-72.7,49.3,12.7,133.1
15464,125.6,-72.8,49.5,12.7,133.1
15470,125.5,-72.8,49.6,12.8,133.0
15476,125.4,-72.9,49.8,12.8,133.0
15482,125.3,-72.9,50.0,12.9,133.0
15488,125.1,-73.0,50.1,12.9,133.0
15493,125.0,-73.1,50.2,13.0,133.0
15499,124.9,-73.1,50.2,13.0,133.0
15504,124.8,-73.2,50.1,13.1,133.1
15509,124.7,-73.2,50.0,13.1,133.1
15514,124.6,-73.2,49.7,13.2,133.2
15519,124.5,-73.3,49.4,13.2,133.3
15524,124.4,-73.3,49.1,13.2,133.4
15529,124.3,-73.4,48.7,13.3,133.5
15534,124.2,-73.4,48.4,13.3,133.7
15539,124.0,-73.5,48.0,13.3,133.8
15544,123.9,-73.5,47.8,13.4,133.9
15549,123.8,-73.6,47.6,13.4,134.1
15554,123.7,-73.6,47.4,13.4,134.2
15559,123.6,-73.7,47.3,13.4,134.4
15564,123.5,-73.7,47.3,13.5,134.5
15569,123.4,-73.8,47.3,13.5,134.7
15574,123.3,-73.8,47.3,13.5,134.8
15579,123.2,-73.8,47.3,13.6,134.9
15584,123.1,-73.9,47.4,13.6,135.0
15589,123.0,-73.9,47.4,13.6,135.1
15594,122.9,-74.0,47.4,13.6,135.2
15599,122.8,-74.0,47.5,13.7,135.3
15605,122.7,-74.1,47.5,13.7,135.3
15610,122.5,-74.1,47.5,13.7,135.3
15616,122.4,-74.2,47.4,13.7,135.4
15621,122.3,-74.2,47.3,13.7,135.4
15627,122.2,-74.3,47.2,13.8,135.3
15633,122.0,-74.3,47.0,13.8,135.3
15640,121.9,-74.4,46.9,13.8,135.2
15646,121.8,-74.4,46.7,13.8,135.1
15652,121.7,-74.5,46.5,13.8,134.9
15659,121.5,-74.6,46.4,13.8,134.7
15665,121.4,-74.6,46.3,13.8,134.5
15672,121.2,-74.7,46.2,13.8,134.2
15679,121.1,-74.7,46.2,13.8,133.9
15685,121.0,-74.8,46.2,13.8,133.6
15692,120.8,-74.9,46.2,13.8,133.2
15699,120.7,-74.9,46.2,13.8,132.8
15707,120.5,-75.0,46.2,13.8,132.5
15714,120.4,-75.1,46.3,13.7,132.2
15722,120.2,-75.2,46.3,13.7,132.0
15729,120.0,-75.2,46.3,13.7,131.7
15737,119.9,-75.3,46.3,13.7,131.4
15744,119.7,-75.3,46.3,13.7,131.0
15751,119.6,-75.4,46.3,13.7,130.5
15758,119.5,-75.5,46.3,13.7,129.9
15765,119.3,-75.5,46.3,13.7,129.4
15773,119.2,-75.6,46.2,13.6,128.8
15780,119.0,-75.6,46.2,13.6,128.2
15787,118.9,-75.7,46.2,13.6,127.6
15794,118.7,-75.7,46.2,13.6,127.0
15801,118.6,-75.8,46.2,13.6,126.4
15808,118.4,-75.8,46.2,13.6,125.8
15814,118.3,-75.8,46.2,13.6,125.2
15821,118.2,-75.8,46.2,13.6,124.7
15827,118.0,-75.8,46.1,13.6,124.1
15833,117.9,-75.9,46.0,13.7,123.5
15840,117.8,-75.9,45.8,13.7,123.0
15846,117.7,-76.0,45.5,13.7,122.5
15852,117.5,-76.0,45.3,13.7,121.9
15858,117.4,-76.1,45.0,13.8,121.4
15864,117.3,-76.2,44.7,13.8,120.9
15871,117.1,-76.2,44.4,13.9,120.5
15878,117.0,-76.3,44.1,13.9,120.1
15884,116.9,-76.4,43.9,13.9,119.8
15891,116.7,-76.4,43.8,14.0,119.6
15897,116.6,-76.5,43.7,14.0,119.3
15904,116.5,-76.5,43.8,14.0,119.0
15910,116.3,-76.6,43.9,14.1,118.7
15917,116.2,-76.6,44.0,14.2,118.3
15923,116.1,-76.7,44.2,14.2,117.9
15930,116.0,-76.8,44.5,14.3,117.5
15936,115.8,-76.8,44.7,14.4,117.1
15943,115.7,-76.9,45.0,14.4,116.7
15949,115.6,-76.9,45.2,14.5,116.4
15956,115.4,-77.0,45.4,14.6,116.0
15962,115.3,-77.0,45.5,14.7,115.7
15969,115.2,-77.1,45.6,14.7,115.4
15976,115.0,-77.1,45.6,14.8,115.1
15982,114.9,-77.2,45.5,14.8,114.9
15989,114.8,-77.3,45.4,14.9,114.7
15995,114.6,-77.3,45.2,14.9,114.5
16001,114.5,-77.3,45.0,15.0,114.3
16007,114.4,-77.4,44.8,15.0,114.0
16014,114.3,-77.5,44.6,15.0,113.8
16020,114.1,-77.5,44.4,15.1,113.6
16027,114.0,-77.6,44.2,15.1,113.5
16034,113.9,-77.6,44.1,15.1,113.4
16041,113.7,-77.7,44.1,15.2,113.3
16048,113.6,-77.8,44.1,15.2,113.2
16055,113.4,-77.8,44.3,15.2,113.1
16063,113.3,-77.9,44.5,15.2,113.1
16070,113.1,-78.0,44.7,15.2,113.0
16077,113.0,-78.0,45.0,15.2,113.0
16084,112.9,-78.0,45.3,15.1,113.0
16090,112.7,-78.1,45.6,15.1,113.1
16097,112.6,-78.2,45.9,15.1,113.1
16103,112.5,-78.2,46.1,15.1,113.1
16109,112.4,-78.2,46.2,15.1,113.2
16115,112.3,-78.3,46.3,15.1,113.3
16121,112.1,-78.3,46.3,15.0,113.4
16128,112.0,-78.4,46.2,15.0,113.5
16134,111.9,-78.5,46.1,15.0,113.6
16141,111.8,-78.5,46.0,15.0,113.6
16147,111.6,-78.6,45.9,15.0,113.7
16154,111.5,-78.7,45.9,15.0,113.8
16161,111.4,-78.7,45.8,15.0,113.8
16168,111.2,-78.8,45.8,15.0,113.9
16174,111.1,-78.9,45.9,15.0,113.9
16181,111.0,-78.9,46.0,15.0,113.9
16187,110.8,-79.0,46.1,15.0,113.9
16194,110.7,-79.0,46.2,15.0,113.8
16200,110.6,-79.1,46.4,15.1,113.7
16206,110.5,-79.2,46.5,15.1,113.6
16212,110.4,-79.2,46.7,15.1,113.5
16219,110.2,-79.3,46.8,15.2,113.4
16225,110.1,-79.4,47.0,15.2,113.3
16232,110.0,-79.4,47.1,15.3,113.1
16239,109.8,-79.5,47.3,15.3,112.8
16246,109.7,-79.5,47.4,15.4,112.6
16253,109.6,-79.6,47.5,15.4,112.4
16260,109.4,-79.7,47.6,15.5,112.2
16267,109.3,-79.8,47.7,15.5,112.0
16275,109.1,-79.8,47.9,15.6,111.8
16282,109.0,-79.9,48.0,15.6,111.6
16289,108.9,-80.0,48.1,15.6,111.5
16296,108.7,-80.1,48.3,15.7,111.3
16303,108.6,-80.1,48.4,15.7,111.1
16310,108.5,-80.1,48.6,15.8,110.8
16316,108.4,-80.2,48.8,15.8,110.5
16322,108.2,-80.2,49.0,15.9,110.3
16329,108.1,-80.2,49.1,15.9,110.0
16335,108.0,-80.3,49.2,15.9,109.8
16341,107.9,-80.3,49.3,15.9,109.6
16347,107.8,-80.3,49.4,16.0,109.4
16353,107.6,-80.4,49.4,16.0,109.2
16360,107.5,-80.4,49.3,16.0,109.0
16366,107.4,-80.5,49.2,16.0,108.9
16372,107.3,-80.5,49.1,16.0,108.7
16378,107.2,-80.5,49.0,16.0,108.5
16384,107.1,-80.6,48.9,16.0,108.3
16390,106.9,-80.6,48.8,16.0,108.2
16396,106.8,-80.7,48.8,16.0,108.1
16402,106.7,-80.7,48.7,16.0,108.0
16408,106.6,-80.8,48.7,16.0,107.9
16413,106.5,-80.8,48.8,16.0,107.9
16419,106.4,-80.9,48.9,16.0,107.8
16425,106.3,-80.9,49.0,15.9,107.8
16431,106.2,-81.0,49.2,15.9,107.8
16437,106.1,-81.1,49.4,15.9,107.7
16443,105.9,-81.1,49.6,15.8,107.7
16449,105.8,-81.1,49.8,15.8,107.7
16455,105.7,-81.2,50.0,15.8,107.7
16462,105.6,-81.2,50.2,15.7,107.7
16468,105.5,-81.3,50.4,15.7,107.6
16474,105.3,-81.4,50.6,15.7,107.6
16481,105.2,-81.4,50.7,15.7,107.5
16488,105.1,-81.5,50.8,15.7,107.4
16494,105.0,-81.5,50.8,15.7,107.3
16501,104.8,-81.6,50.9,15.7,107.3
16508,104.7,-81.7,50.9,15.7,107.2
16515,104.6,-81.7,50.9,15.7,107.1
16523,104.4,-81.8,50.9,15.7,107.0
16530,104.3,-81.9,50.8,15.7,106.9
16537,104.2,-81.9,50.8,15.8,106.7
16544,104.0,-82.0,50.7,15.8,106.5
16551,103.9,-82.0,50.7,15.9,106.3
16558,103.8,-82.1,50.6,15.9,106.2
16565,103.7,-82.1,50.6,16.0,106.0
16572,103.5,-82.1,50.6,16.0,105.9
16578,103.4,-82.2,50.6,16.1,105.7
16585,103.3,-82.2,50.6,16.2,105.6
16591,103.2,-82.2,50.6,16.3,105.4
16598,103.1,-82.2,50.6,16.4,105.2
16604,102.9,-82.3,50.6,16.5,105.1
16611,102.8,-82.3,50.6,16.6,105.0
16617,102.7,-82.4,50.5,16.7,104.9
16624,102.6,-82.4,50.5,16.8,104.8
16630,102.5,-82.5,50.5,17.0,104.8
16637,102.3,-82.5,50.5,17.1,104.7
16644,102.2,-82.5,50.5,17.2,104.7
16650,102.1,-82.5,50.5,17.3,104.6
16657,102.0,-82.6,50.5,17.5,104.6
16664,101.8,-82.6,50.5,17.6,104.6
16671,101.7,-82.6,50.6,17.8,104.6
16678,101.6,-82.7,50.6,18.0,104.7
16684,101.5,-82.7,50.7,18.2,104.7
16691,101.3,-82.8,50.7,18.3,104.8
16698,101.2,-82.8,50.8,18.5,104.9
16705,101.1,-82.9,50.9,18.7,104.9
16711,101.0,-83.0,51.0,18.8,105.0
16718,100.9,-83.0,51.1,19.0,105.1
16724,100.7,-83.1,51.1,19.1,105.1
16731,100.6,-83.1,51.1,19.3,105.2
16737,100.5,-83.2,51.1,19.4,105.2
16744,100.4,-83.2,51.0,19.5,105.3
16750,100.3,-83.2,50.9,19.5,105.3
16757,100.2,-83.2,50.8,19.6,105.3
16763,100.0,-83.1,50.6,19.7,105.3
16770,99.9,-83.1,50.4,19.9,105.3
16778,99.8,-83.1,50.2,20.0,105.3
16785,99.6,-83.2,49.9,20.1,105.3
16793,99.5,-83.2,49.6,20.1,105.3
16800,99.4,-83.2,49.3,20.2,105.3
16806,99.3,-83.2,49.0,20.2,105.3
16811,99.2,-83.2,48.7,20.3,105.2
16815,99.1,-83.1,48.4,20.3,105.2
16819,99.0,-83.1,48.1,20.4,105.2
16823,99.0,-83.1,47.8,20.4,105.1
16827,98.9,-83.0,47.5,20.5,105.1
16832,98.8,-83.0,47.2,20.6,105.0
16837,98.7,-83.1,47.0,20.6,105.0
16842,98.6,-83.1,46.8,20.7,104.9
16848,98.5,-83.1,46.6,20.8,104.8
16853,98.4,-83.1,46.3,20.8,104.7
16859,98.3,-83.1,46.1,20.9,104.6
16865,98.2,-83.1,45.9,20.9,104.5
16871,98.1,-83.1,45.6,20.9,104.4
16877,98.0,-83.2,45.3,21.0,104.3
16884,97.9,-83.2,44.9,21.0,104.2
16890,97.8,-83.2,44.5,21.0,104.1
16896,97.7,-83.3,44.0,21.0,104.0
16903,97.6,-83.2,43.6,21.0,104.0
16909,97.4,-83.2,43.0,21.0,103.9
16916,97.3,-83.1,42.5,21.0,103.9
16923,97.2,-83.0,41.9,21.0,103.8
16930,97.1,-83.0,41.3,21.0,103.8
16937,97.0,-82.9,40.7,21.0,103.8
16943,96.9,-82.8,40.1,21.0,103.8
16950,96.7,-82.7,39.4,20.9,103.7
16957,96.6,-82.6,38.8,20.9,103.7
16963,96.5,-82.5,38.2,20.8,103.7
16970,96.4,-82.2,37.6,20.7,103.7
16976,96.3,-82.0,36.9,20.7,103.7
16983,96.2,-81.9,36.3,20.6,103.7
16990,96.0,-81.9,35.6,20.5,103.8
16997,95.9,-81.8,35.0,20.4,103.8
17004,95.8,-81.7,34.3,20.2,103.8
17011,95.7,-81.6,33.7,20.1,103.8
17018,95.6,-81.5,33.0,20.0,103.8
17025,95.4,-81.3,32.4,19.8,103.8
17032,95.3,-81.1,31.9,19.7,103.8
17039,95.2,-80.7,31.3,19.6,103.8
17046,95.1,-80.3,30.8,19.5,103.7
17053,95.0,-80.2,30.3,19.4,103.7
17060,94.9,-80.2,29.8,19.2,103.7
17066,94.8,-80.1,29.3,19.1,103.6
17073,94.6,-80.0,28.8,18.9,103.5
17080,94.5,-79.8,28.4,18.7,103.5
17087,94.4,-79.5,27.9,18.5,103.4
17094,94.3,-79.3,27.4,18.4,103.3
17101,94.2,-79.1,26.9,18.2,103.2
17108,94.1,-78.8,26.4,18.0,103.2
17115,93.9,-78.4,26.0,17.9,103.1
17121,93.8,-78.2,25.6,17.7,103.0
17128,93.7,-77.9,25.2,17.6,102.9
17134,93.6,-77.7,24.8,17.4,102.8
17140,93.5,-77.5,24.5,17.3,102.7
17147,93.4,-77.1,24.3,17.2,102.6
17153,93.3,-76.8,24.0,17.0,102.5
17160,93.2,-76.4,23.8,16.9,102.4
17166,93.1,-76.2,23.6,16.8,102.3
17173,93.0,-75.9,23.4,16.7,102.2
17180,92.9,-75.4,23.3,16.6,102.1
17186,92.8,-75.2,23.1,16.6,102.0
17193,92.7,-75.0,23.0,16.5,101.9
17200,92.6,-74.9,22.9,16.5,101.7
17207,92.5,-74.7,22.8,16.4,101.6
17214,92.3,-74.6,22.7,16.4,101.5
17221,92.2,-74.5,22.6,16.4,101.3
17227,92.1,-74.5,22.5,16.3,101.2
17234,92.0,-74.4,22.3,16.3,101.0
17241,91.9,-74.3,22.2,16.3,100.8
17247,91.8,-74.2,22.1,16.3,100.7
17254,91.7,-74.2,21.9,16.3,100.5
17260,91.6,-74.1,21.8,16.3,100.2
17266,91.5,-74.0,21.6,16.3,99.9
17272,91.4,-73.9,21.4,16.3,99.7
17278,91.3,-73.8,21.2,16.2,99.4
17284,91.2,-73.7,21.0,16.2,99.3
17290,91.1,-73.6,20.8,16.2,99.1
17296,91.1,-73.6,20.5,16.2,98.9
17302,91.0,-73.5,20.3,16.2,98.7
17307,90.9,-73.4,20.0,16.2,98.4
17313,90.8,-73.3,19.7,16.2,98.2
17319,90.7,-73.3,19.4,16.2,97.9
17325,90.6,-73.2,19.0,16.2,97.7
17330,90.5,-73.2,18.7,16.1,97.4
17336,90.4,-73.2,18.4,16.1,97.2
17341,90.3,-73.2,18.1,16.1,97.0
17347,90.3,-73.1,17.7,16.0,96.8
17353,90.2,-73.1,17.4,15.9,96.6
17359,90.1,-72.9,17.1,15.9,96.4
17364,90.0,-72.6,16.8,15.8,96.3
17370,89.9,-72.4,16.5,15.7,96.1
17376,89.8,-72.3,16.3,15.6,96.1
17381,89.7,-72.3,16.1,15.5,96.0
17387,89.7,-72.4,15.8,15.4,95.9
17392,89.6,-72.4,15.6,15.3,95.9
17397,89.5,-72.4,15.4,15.1,95.9
17402,89.4,-72.4,15.2,15.0,95.9
17408,89.3,-72.4,15.1,14.9,95.9
17413,89.2,-72.4,14.9,14.8,95.9
17419,89.2,-72.5,14.8,14.7,95.9
17424,89.1,-72.5,14.6,14.6,96.0
17430,89.0,-72.4,14.5,14.4,96.0
17435,88.9,-72.4,14.4,14.3,96.0
17440,88.8,-72.4,14.3,14.2,96.1
17446,88.8,-72.4,14.2,14.1,96.1
17451,88.7,-72.4,14.0,14.0,96.2
17456,88.6,-72.4,13.9,13.9,96.2
17461,88.5,-72.4,13.8,13.8,96.3
17467,88.4,-72.4,13.7,13.7,96.4
17472,88.4,-72.4,13.6,13.6,96.4
17477,88.3,-72.4,13.5,13.5,96.5
17483,88.2,-72.4,13.4,13.4,96.6
17488,88.1,-72.4,13.3,13.3,96.7
17493,88.0,-72.4,13.2,13.3,96.7
17499,88.0,-72.5,13.1,13.2,96.8
17505,87.9,-72.5,13.1,13.2,96.9
17510,87.8,-72.5,13.0,13.1,96.9
17516,87.7,-72.6,12.9,13.1,97.0
17522,87.6,-72.6,12.9,13.0,97.2
17528,87.5,-72.7,12.9,13.0,97.3
17534,87.4,-72.7,12.8,13.0,97.4
17540,87.3,-72.7,12.8,13.0,97.5
17547,87.2,-72.7,12.8,13.0,97.6
17553,87.2,-72.7,12.7,13.1,97.8
17559,87.1,-72.7,12.7,13.1,97.9
17566,87.0,-72.7,12.7,13.1,98.0
17572,86.9,-72.7,12.7,13.1,98.1
17578,86.8,-72.7,12.7,13.2,98.2
17584,86.7,-72.8,12.8,13.2,98.3
17589,86.6,-72.8,12.8,13.2,98.4
17595,86.5,-72.8,12.8,13.3,98.5
17600,86.4,-72.8,12.8,13.3,98.7
17606,86.4,-72.8,12.8,13.4,98.8
17611,86.3,-72.8,12.9,13.4,98.9
17616,86.2,-72.8,12.9,13.4,99.0
17621,86.1,-72.8,12.9,13.5,99.1
17626,86.1,-72.8,12.8,13.5,99.2
17631,86.0,-72.8,12.8,13.5,99.2
17636,85.9,-72.7,12.8,13.6,99.2
17641,85.8,-72.7,12.8,13.6,99.2
17647,85.8,-72.7,12.7,13.6,99.2
17652,85.7,-72.7,12.7,13.6,99.2
17657,85.6,-72.7,12.6,13.6,99.1
17662,85.5,-72.7,12.6,13.5,98.9
17668,85.5,-72.7,12.5,13.5,98.8
17673,85.4,-72.7,12.5,13.5,98.6
17678,85.3,-72.7,12.5,13.4,98.4
17683,85.2,-72.7,12.4,13.4,98.1
17689,85.2,-72.7,12.4,13.3,97.8
17694,85.1,-72.7,12.4,13.3,97.5
17700,85.0,-72.7,12.4,13.2,97.1
17706,84.9,-72.7,12.3,13.2,96.8
17711,84.8,-72.7,12.3,13.1,96.4
17717,84.7,-72.7,12.3,13.1,95.9
17722,84.7,-72.7,12.3,13.0,95.5
17728,84.6,-72.7,12.4,13.0,95.1
17734,84.5,-72.7,12.4,13.0,94.6
17739,84.4,-72.8,12.4,12.9,94.2
17744,84.4,-72.8,12.4,12.9,93.8
17750,84.3,-72.8,12.5,12.9,93.3
17755,84.2,-72.8,12.5,12.9,92.9
17760,84.1,-72.7,12.5,12.9,92.5
17766,84.0,-72.7,12.5,12.9,92.2
17771,84.0,-72.7,12.5,12.9,91.9
17776,83.9,-72.7,12.5,12.9,91.5
17781,83.8,-72.7,12.4,13.0,91.3
17786,83.8,-72.6,12.4,13.0,91.0
17791,83.7,-72.6,12.3,13.0,90.8
17797,83.6,-72.5,12.3,13.1,90.6
17802,83.5,-72.4,12.2,13.1,90.4
17808,83.4,-72.4,12.2,13.2,90.3
17813,83.4,-72.4,12.1,13.2,90.2
17819,83.3,-72.4,12.1,13.2,90.1
17824,83.2,-72.5,12.0,13.2,90.1
17829,83.1,-72.5,12.0,13.3,90.0
17834,83.1,-72.5,11.9,13.3,89.9
17839,83.0,-72.4,11.9,13.3,89.9
17844,82.9,-72.4,11.9,13.3,89.8
17849,82.9,-72.4,11.9,13.3,89.8
17853,82.8,-72.4,11.9,13.3,89.7
17858,82.7,-72.4,11.9,13.3,89.6
17863,82.7,-72.4,11.9,13.3,89.6
17868,82.6,-72.5,11.9,13.3,89.5
17872,82.5,-72.5,11.9,13.3,89.4
17878,82.5,-72.4,11.9,13.2,89.3
17883,82.4,-72.4,11.9,13.2,89.2
17888,82.3,-72.5,11.9,13.1,89.1
17894,82.2,-72.5,11.9,13.0,89.0
17900,82.1,-72.5,11.9,13.0,88.8
17906,82.1,-72.6,11.8,12.9,88.7
17911,82.0,-72.6,11.8,12.8,88.6
17917,81.9,-72.7,11.8,12.7,88.4
17922,81.8,-72.7,11.8,12.6,88.2
17928,81.8,-72.7,11.7,12.4,88.0
17933,81.7,-72.7,11.7,12.3,87.7
17938,81.6,-72.7,11.6,12.1,87.4
17944,81.5,-72.7,11.6,12.0,87.1
17949,81.5,-72.5,11.5,11.8,86.7
17954,81.4,-72.4,11.4,11.6,86.4
17960,81.3,-72.3,11.4,11.4,86.0
17965,81.2,-72.3,11.3,11.3,85.6
17971,81.2,-72.2,11.3,11.1,85.2
17977,81.1,-72.2,11.2,11.0,84.8
17983,81.0,-72.1,11.2,10.8,84.3
17988,80.9,-72.1,11.2,10.6,83.8
17995,80.8,-72.0,11.2,10.5,83.3
18001,80.8,-72.0,11.2,10.3,82.7
18007,80.7,-72.0,11.2,10.2,82.1
18013,80.6,-72.0,11.2,10.0,81.4
18018,80.5,-72.0,11.2,9.9,80.8
18024,80.4,-72.0,11.2,9.8,80.3
18030,80.4,-72.1,11.2,9.7,79.8
18035,80.3,-72.1,11.2,9.6,79.1
18041,80.2,-72.1,11.2,9.5,78.5
18047,80.1,-72.1,11.1,9.4,77.9
18053,80.0,-72.2,11.1,9.3,77.3
18059,80.0,-72.2,11.1,9.3,76.6
18065,79.9,-72.2,11.1,9.2,75.8
18071,79.8,-72.2,11.0,9.2,74.8
18077,79.7,-72.2,11.0,9.1,73.9
18083,79.6,-72.3,11.0,9.1,73.0
18089,79.6,-72.3,11.0,9.1,72.2
18095,79.5,-72.4,11.1,9.1,71.5
18100,79.4,-72.4,11.1,9.1,70.9
18106,79.3,-72.4,11.1,9.1,70.4
18111,79.2,-72.5,11.1,9.1,70.0
18117,79.2,-72.5,11.1,9.1,69.5
18123,79.1,-72.5,11.1,9.2,68.9
18129,79.0,-72.6,11.0,9.2,68.4
18135,78.9,-72.6,11.0,9.3,67.7
18141,78.8,-72.6,11.0,9.3,67.1
18147,78.8,-72.5,10.9,9.4,66.5
18153,78.7,-72.5,10.8,9.4,65.8
18159,78.6,-72.5,10.8,9.5,65.2
18165,78.5,-72.5,10.7,9.6,64.6
18171,78.4,-72.5,10.7,9.7,64.1
18177,78.4,-72.5,10.6,9.8,63.6
18183,78.3,-72.6,10.5,9.9,63.2
18190,78.2,-72.6,10.5,9.9,62.9
18196,78.1,-72.6,10.4,10.0,62.6
18202,78.0,-72.6,10.3,10.0,62.4
18209,77.9,-72.7,10.3,10.1,62.1
18215,77.9,-72.7,10.2,10.1,61.9
18221,77.8,-72.7,10.2,10.2,61.6
18227,77.7,-72.7,10.1,10.3,61.4
18233,77.6,-72.7,10.1,10.3,61.1
18239,77.5,-72.7,10.0,10.4,60.9
18246,77.5,-72.7,10.0,10.4,60.7
18252,77.4,-72.7,9.9,10.5,60.6
18258,77.3,-72.7,9.9,10.5,60.5
18264,77.2,-72.8,9.8,10.6,60.4
18270,77.1,-72.8,9.8,10.6,60.4
18276,77.1,-72.8,9.7,10.6,60.4
18282,77.0,-72.9,9.7,10.6,60.3
18288,76.9,-72.9,9.6,10.6,60.3
18294,76.8,-72.9,9.6,10.7,60.4
18300,76.7,-72.9,9.6,10.7,60.4
18306,76.7,-72.9,9.5,10.7,60.4
18312,76.6,-72.9,9.5,10.7,60.4
18319,76.5,-72.9,9.5,10.7,60.4
18325,76.4,-72.9,9.4,10.7,60.4
18332,76.3,-73.0,9.4,10.7,60.4
18338,76.2,-73.0,9.4,10.8,60.4
18345,76.2,-73.0,9.4,10.8,60.4
18351,76.1,-73.1,9.3,10.8,60.3
18358,76.0,-73.1,9.3,10.8,60.3
18364,75.9,-73.1,9.3,10.8,60.2
18371,75.8,-73.2,9.2,10.9,60.2
18377,75.7,-73.2,9.2,10.9,60.1
18383,75.7,-73.2,9.2,10.9,60.1
18389,75.6,-73.3,9.2,10.9,60.0
18396,75.5,-73.3,9.1,11.0,60.0
18402,75.4,-73.3,9.1,11.0,60.0
18408,75.3,-73.4,9.1,11.0,60.0
18414,75.3,-73.4,9.1,11.0,60.0
18421,75.2,-73.4,9.0,11.1,60.1
18427,75.1,-73.5,9.0,11.1,60.1
18434,75.0,-73.5,9.0,11.1,60.2
18440,74.9,-73.6,9.0,11.2,60.3
18447,74.8,-73.6,8.9,11.2,60.4
18454,74.8,-73.6,8.9,11.2,60.5
18460,74.7,-73.7,8.8,11.2,60.6
18466,74.6,-73.7,8.8,11.3,60.8
18473,74.5,-73.7,8.7,11.3,60.9
18478,74.4,-73.7,8.7,11.3,61.0
18485,74.3,-73.7,8.7,11.4,61.1
18492,74.3,-73.7,8.7,11.4,61.2
18498,74.2,-73.6,8.6,11.4,61.3
18505,74.1,-73.5,8.5,11.4,61.4
18512,74.0,-73.4,8.5,11.5,61.5
